contig_797_155	Adenylsucc_synt	PF00709.21	2.7e-184	614.9
contig_2606_3	Adenylsucc_synt	PF00709.21	1.1e-181	606.3
contig_125_16	Adenylsucc_synt	PF00709.21	1.6e-180	602.4
contig_2605_3	Adenylsucc_synt	PF00709.21	1.8e-178	595.7
contig_544_103	Adenylsucc_synt	PF00709.21	5.3e-173	577.7
contig_2834_43	Adenylsucc_synt	PF00709.21	4.2e-171	571.4
contig_1260_1	Adenylsucc_synt	PF00709.21	6.6e-166	554.3
contig_1017_17	Adenylsucc_synt	PF00709.21	3.9e-159	532.0
contig_3110_6	Adenylsucc_synt	PF00709.21	3.8e-155	518.9
contig_1644_261	Adenylsucc_synt	PF00709.21	2.1e-153	513.1
contig_742_97	Adenylsucc_synt	PF00709.21	9e-153	511.0
contig_1872_145	Adenylsucc_synt	PF00709.21	1.3e-139	467.7
contig_839_350	Adenylsucc_synt	PF00709.21	7.3e-91	307.1
contig_866_301	Adenylsucc_synt	PF00709.21	1.7e-90	305.9
contig_1397_341	Adenylsucc_synt	PF00709.21	4.6e-88	297.9
contig_3130_9	Adenylsucc_synt	PF00709.21	7.2e-52	178.6
contig_1019_37	ADK	PF00406.22	3.6e-61	207.6
contig_3396_13	ADK	PF00406.22	1.7e-59	202.2
contig_1009_27	ADK	PF00406.22	3.8e-59	201.0
contig_3297_60	ADK	PF00406.22	1.1e-58	199.5
contig_341_17	ADK	PF00406.22	9.1e-58	196.5
contig_1_244	ADK	PF00406.22	5.4e-57	194.0
contig_1645_6	ADK	PF00406.22	9.5e-56	190.0
contig_381_227	ADK	PF00406.22	2.5e-55	188.6
contig_3382_87	ADK	PF00406.22	4.7e-54	184.5
contig_987_5	ADK	PF00406.22	1e-53	183.4
contig_2058_323	ADK	PF00406.22	1.4e-53	182.9
contig_2444_4	ADK	PF00406.22	2.4e-53	182.2
contig_2533_11	ADK	PF00406.22	4.1e-53	181.4
contig_3519_23	ADK	PF00406.22	3.9e-51	175.0
contig_546_30	ADK	PF00406.22	1.2e-50	173.5
contig_3535_6	ADK	PF00406.22	6.1e-50	171.1
contig_1644_479	ADK	PF00406.22	7.3e-49	167.6
contig_986_83	ADK	PF00406.22	1.1e-46	160.6
contig_241_562	ADK	PF00406.22	2.3e-46	159.5
contig_2220_67	ADK	PF00406.22	5.6e-36	125.8
contig_636_12	ADK	PF00406.22	7.7e-31	109.1
contig_117_283	AICARFT_IMPCHas	PF01808.18	1.9e-120	403.7
contig_2690_15	AICARFT_IMPCHas	PF01808.18	2.1e-119	400.3
contig_1629_2	AICARFT_IMPCHas	PF01808.18	2.3e-118	396.9
contig_1398_50	AICARFT_IMPCHas	PF01808.18	7.7e-117	391.9
contig_742_70	AICARFT_IMPCHas	PF01808.18	1.6e-115	387.5
contig_676_66	AICARFT_IMPCHas	PF01808.18	1.8e-115	387.3
contig_1843_4	AICARFT_IMPCHas	PF01808.18	7.3e-112	375.5
contig_432_115	AICARFT_IMPCHas	PF01808.18	1.9e-110	370.9
contig_3565_79	AICARFT_IMPCHas	PF01808.18	6.9e-108	362.5
contig_1776_8	AICARFT_IMPCHas	PF01808.18	7.5e-108	362.4
contig_381_158	AICARFT_IMPCHas	PF01808.18	1e-105	355.4
contig_1317_6	AICARFT_IMPCHas	PF01808.18	1.4e-104	351.6
contig_3473_142	AICARFT_IMPCHas	PF01808.18	6e-104	349.5
contig_1257_39	AICARFT_IMPCHas	PF01808.18	9.7e-104	348.9
contig_2722_31	AICARFT_IMPCHas	PF01808.18	2e-91	308.4
contig_1262_309	AICARFT_IMPCHas	PF01808.18	1.2e-90	305.9
contig_2076_13	AICARFT_IMPCHas	PF01808.18	3.4e-84	284.7
contig_2962_37	AICARFT_IMPCHas	PF01808.18	9.6e-84	283.2
contig_2211_4	AICARFT_IMPCHas	PF01808.18	1.4e-82	279.4
contig_81_6	AICARFT_IMPCHas	PF01808.18	4.4e-62	212.1
contig_338_162	AICARFT_IMPCHas	PF01808.18	4.6e-60	205.5
contig_2619_23	AICARFT_IMPCHas	PF01808.18	2.4e-59	203.1
contig_1827_1	AICARFT_IMPCHas	PF01808.18	1.6e-48	167.6
contig_676_62	AICARFT_IMPCHas	PF01808.18	6.6e-22	80.2
contig_1317_7	AICARFT_IMPCHas	PF01808.18	2.9e-05	25.6
contig_844_2	ATP-synt	PF00231.19	7.2e-98	329.6
contig_939_47	ATP-synt	PF00231.19	2.5e-97	327.9
contig_94_87	ATP-synt	PF00231.19	2.5e-97	327.9
contig_2088_9	ATP-synt	PF00231.19	2.1e-90	305.2
contig_241_247	ATP-synt	PF00231.19	7.5e-89	300.1
contig_1933_4	ATP-synt	PF00231.19	4.3e-88	297.6
contig_1536_121	ATP-synt	PF00231.19	1.5e-84	285.9
contig_3410_50	ATP-synt	PF00231.19	1.6e-82	279.3
contig_1262_172	ATP-synt	PF00231.19	7e-82	277.2
contig_336_85	ATP-synt	PF00231.19	4.7e-75	254.8
contig_1872_64	ATP-synt	PF00231.19	5.6e-33	116.8
contig_3019_1	ATP-synt	PF00231.19	2.4e-21	78.6
contig_2058_750	ATP-synt_A	PF00119.20	1.6e-58	200.1
contig_1181_39	ATP-synt_A	PF00119.20	1.1e-57	197.4
contig_2460_53	ATP-synt_A	PF00119.20	5.3e-56	191.8
contig_94_92	ATP-synt_A	PF00119.20	5.6e-55	188.4
contig_3019_6	ATP-synt_A	PF00119.20	2.6e-54	186.3
contig_1933_9	ATP-synt_A	PF00119.20	5.1e-54	185.3
contig_844_8	ATP-synt_A	PF00119.20	2.4e-53	183.1
contig_1262_167	ATP-synt_A	PF00119.20	1.2e-51	177.6
contig_336_80	ATP-synt_A	PF00119.20	2.8e-48	166.6
contig_3410_55	ATP-synt_A	PF00119.20	6.5e-48	165.4
contig_1872_59	ATP-synt_A	PF00119.20	4.1e-41	143.2
contig_3338_140	ATP-synt_A	PF00119.20	2.1e-40	140.8
contig_841_5	ATP-synt_A	PF00119.20	4.2e-38	133.3
contig_160_49	ATP-synt_A	PF00119.20	1.6e-26	95.5
contig_939_53	ATP-synt_A	PF00119.20	2.4e-23	85.1
contig_939_52	ATP-synt_A	PF00119.20	1.3e-20	76.2
contig_160_50	ATP-synt_A	PF00119.20	1.2e-16	63.2
contig_2053_36	Chorismate_synt	PF01264.21	5e-141	471.0
contig_1397_206	Chorismate_synt	PF01264.21	2.6e-139	465.4
contig_2460_95	Chorismate_synt	PF01264.21	1.8e-127	426.5
contig_2148_4	Chorismate_synt	PF01264.21	2e-124	416.5
contig_839_546	Chorismate_synt	PF01264.21	2.5e-124	416.2
contig_1646_37	Chorismate_synt	PF01264.21	1.9e-119	400.1
contig_1_118	Chorismate_synt	PF01264.21	4.2e-118	395.7
contig_3438_19	Chorismate_synt	PF01264.21	1.4e-116	390.7
contig_798_40	Chorismate_synt	PF01264.21	8.5e-116	388.1
contig_1351_32	Chorismate_synt	PF01264.21	3.6e-115	386.1
contig_1391_10	Chorismate_synt	PF01264.21	2.1e-113	380.3
contig_125_111	Chorismate_synt	PF01264.21	5.5e-113	378.9
contig_2134_3	Chorismate_synt	PF01264.21	3.3e-108	363.2
contig_1349_7	Chorismate_synt	PF01264.21	1e-105	355.0
contig_810_2	Chorismate_synt	PF01264.21	7e-105	352.3
contig_866_487	Chorismate_synt	PF01264.21	9.8e-103	345.2
contig_551_5	Chorismate_synt	PF01264.21	3.7e-101	340.0
contig_2906_3	Chorismate_synt	PF01264.21	2.7e-90	304.3
contig_1644_286	Chorismate_synt	PF01264.21	8.4e-87	292.8
contig_2921_1	Chorismate_synt	PF01264.21	6.8e-86	289.9
contig_3361_12	Chorismate_synt	PF01264.21	5.3e-63	214.6
contig_866_488	Chorismate_synt	PF01264.21	2.1e-20	74.6
contig_2921_2	Chorismate_synt	PF01264.21	1.7e-11	45.4
contig_1369_4	EF_TS	PF00889.19	2e-74	251.6
contig_3370_2	EF_TS	PF00889.19	1.3e-71	242.4
contig_2653_15	EF_TS	PF00889.19	1.1e-70	239.3
contig_2058_377	EF_TS	PF00889.19	9.5e-69	233.1
contig_1264_276	EF_TS	PF00889.19	2.8e-68	231.5
contig_194_166	EF_TS	PF00889.19	6.6e-64	217.2
contig_1155_175	EF_TS	PF00889.19	6.4e-48	165.0
contig_234_87	EF_TS	PF00889.19	2e-47	163.4
contig_1425_2	EF_TS	PF00889.19	2.4e-46	159.9
contig_422_535	EF_TS	PF00889.19	1e-44	154.5
contig_2227_39	EF_TS	PF00889.19	3.7e-44	152.7
contig_2033_3	EF_TS	PF00889.19	1.1e-43	151.1
contig_506_160	EF_TS	PF00889.19	4.2e-43	149.3
contig_2232_12	EF_TS	PF00889.19	7.2e-43	148.5
contig_1725_6	EF_TS	PF00889.19	8.5e-43	148.3
contig_398_266	EF_TS	PF00889.19	8.4e-42	145.0
contig_3349_7	EF_TS	PF00889.19	2.9e-41	143.3
contig_509_52	EF_TS	PF00889.19	4.8e-41	142.6
contig_964_32	EF_TS	PF00889.19	1.2e-40	141.3
contig_1872_228	EF_TS	PF00889.19	8.3e-40	138.5
contig_983_18	EF_TS	PF00889.19	1e-37	131.7
contig_3325_11	EF_TS	PF00889.19	2.5e-37	130.4
contig_1063_2	EF_TS	PF00889.19	2.2e-34	120.8
contig_573_20	EF_TS	PF00889.19	5.7e-29	103.1
contig_241_559	eIF-1a	PF01176.19	5.3e-30	104.9
contig_1_247	eIF-1a	PF01176.19	1e-29	103.9
contig_381_224	eIF-1a	PF01176.19	2e-29	103.0
contig_1645_3	eIF-1a	PF01176.19	4e-29	102.1
contig_1262_355	eIF-1a	PF01176.19	6.6e-29	101.4
contig_1009_30	eIF-1a	PF01176.19	7.9e-29	101.1
contig_1983_34	eIF-1a	PF01176.19	1.2e-28	100.5
contig_3396_11	eIF-1a	PF01176.19	1.5e-28	100.2
contig_341_14	eIF-1a	PF01176.19	2.6e-28	99.5
contig_636_9	eIF-1a	PF01176.19	2.6e-28	99.5
contig_3382_90	eIF-1a	PF01176.19	2.8e-28	99.4
contig_1019_34	eIF-1a	PF01176.19	1.2e-27	97.3
contig_2444_6	eIF-1a	PF01176.19	1.6e-27	96.9
contig_546_28	eIF-1a	PF01176.19	1.7e-27	96.9
contig_2249_15	eIF-1a	PF01176.19	2.9e-27	96.1
contig_3519_25	eIF-1a	PF01176.19	6.2e-27	95.1
contig_3297_57	eIF-1a	PF01176.19	1.6e-26	93.7
contig_2533_9	eIF-1a	PF01176.19	6.2e-26	91.9
contig_3338_65	eIF-1a	PF01176.19	1.7e-25	90.4
contig_2220_70	eIF-1a	PF01176.19	2e-24	87.0
contig_839_20	eIF-1a	PF01176.19	1.1e-22	81.4
contig_921_115	eIF-1a	PF01176.19	1.1e-22	81.4
contig_866_984	eIF-1a	PF01176.19	1.3e-22	81.2
contig_3368_204	eIF-1a	PF01176.19	1.6e-21	77.7
contig_3510_146	Exonuc_VII_L	PF02601.15	1.5e-93	315.7
contig_3308_50	Exonuc_VII_L	PF02601.15	1.1e-89	302.9
contig_160_198	Exonuc_VII_L	PF02601.15	3.1e-89	301.5
contig_954_9	Exonuc_VII_L	PF02601.15	4.6e-88	297.6
contig_787_12	Exonuc_VII_L	PF02601.15	8.2e-88	296.8
contig_1005_109	Exonuc_VII_L	PF02601.15	2.9e-86	291.7
contig_422_409	Exonuc_VII_L	PF02601.15	2.9e-86	291.7
contig_3178_28	Exonuc_VII_L	PF02601.15	1.2e-85	289.7
contig_338_258	Exonuc_VII_L	PF02601.15	6.1e-85	287.4
contig_177_140	Exonuc_VII_L	PF02601.15	7.8e-85	287.0
contig_3048_10	Exonuc_VII_L	PF02601.15	1.4e-84	286.1
contig_1382_34	Exonuc_VII_L	PF02601.15	1.6e-84	286.0
contig_1505_8	Exonuc_VII_L	PF02601.15	4.1e-84	284.6
contig_3371_38	Exonuc_VII_L	PF02601.15	5.6e-83	280.9
contig_3473_129	Exonuc_VII_L	PF02601.15	3.6e-82	278.3
contig_798_21	Exonuc_VII_L	PF02601.15	2.2e-79	269.1
contig_3324_65	Exonuc_VII_L	PF02601.15	6.5e-75	254.4
contig_1264_252	Exonuc_VII_L	PF02601.15	3.3e-59	202.8
contig_2051_14	Exonuc_VII_L	PF02601.15	2.8e-25	91.4
contig_2249_87	GrpE	PF01025.19	5e-56	190.8
contig_3377_7	GrpE	PF01025.19	2.7e-54	185.2
contig_1117_8	GrpE	PF01025.19	3.9e-52	178.2
contig_1289_40	GrpE	PF01025.19	1.7e-50	172.9
contig_1354_6	GrpE	PF01025.19	1.7e-50	172.8
contig_393_30	GrpE	PF01025.19	2e-50	172.6
contig_1555_44	GrpE	PF01025.19	2.4e-49	169.1
contig_795_12	GrpE	PF01025.19	5.1e-48	164.8
contig_241_77	GrpE	PF01025.19	2e-47	162.8
contig_3338_72	GrpE	PF01025.19	3.1e-47	162.2
contig_1385_2	GrpE	PF01025.19	1.8e-44	153.3
contig_2041_12	GrpE	PF01025.19	2.9e-44	152.5
contig_1264_533	GrpE	PF01025.19	3.8e-44	152.2
contig_1037_88	GrpE	PF01025.19	6e-44	151.5
contig_1246_14	GrpE	PF01025.19	7.4e-44	151.2
contig_3120_1	GrpE	PF01025.19	2.7e-43	149.4
contig_373_360	GrpE	PF01025.19	1.1e-42	147.4
contig_2446_17	GrpE	PF01025.19	2.4e-42	146.3
contig_1708_84	GrpE	PF01025.19	4.4e-42	145.5
contig_382_107	GrpE	PF01025.19	8.9e-42	144.5
contig_1970_17	GrpE	PF01025.19	1.1e-39	137.7
contig_371_2	GrpE	PF01025.19	9.6e-33	115.1
contig_1398_598	GrpE	PF01025.19	1e-31	111.8
contig_1811_7	GrpE	PF01025.19	1.2e-27	98.5
contig_1287_10	GrpE	PF01025.19	5.4e-26	93.1
contig_2757_5	GrpE	PF01025.19	1.4e-24	88.5
contig_2757_4	GrpE	PF01025.19	2.1e-17	65.2
contig_117_508	GrpE	PF01025.19	2.1e-09	39.1
contig_1536_318	GrpE	PF01025.19	8.3e-07	30.7
contig_1146_10	Ham1p_like	PF01725.16	7.4e-65	220.3
contig_2075_18	Ham1p_like	PF01725.16	1.6e-63	215.9
contig_241_440	Ham1p_like	PF01725.16	3.6e-63	214.8
contig_1_409	Ham1p_like	PF01725.16	1.5e-62	212.7
contig_797_97	Ham1p_like	PF01725.16	5.8e-62	210.8
contig_1138_31	Ham1p_like	PF01725.16	6.8e-62	210.6
contig_1130_2	Ham1p_like	PF01725.16	1.9e-61	209.1
contig_424_203	Ham1p_like	PF01725.16	2e-61	209.1
contig_761_96	Ham1p_like	PF01725.16	2e-61	209.1
contig_423_176	Ham1p_like	PF01725.16	1.4e-59	203.1
contig_742_110	Ham1p_like	PF01725.16	1e-58	200.2
contig_2116_16	Ham1p_like	PF01725.16	1.1e-58	200.2
contig_2005_9	Ham1p_like	PF01725.16	8.8e-57	193.9
contig_1008_2	Ham1p_like	PF01725.16	1e-56	193.8
contig_1225_44	Ham1p_like	PF01725.16	5.5e-56	191.4
contig_1872_19	Ham1p_like	PF01725.16	8.2e-54	184.3
contig_2249_83	Ham1p_like	PF01725.16	4.1e-52	178.7
contig_557_166	Ham1p_like	PF01725.16	1.1e-50	174.1
contig_1412_29	Ham1p_like	PF01725.16	2.1e-50	173.2
contig_2596_136	Ham1p_like	PF01725.16	1.3e-49	170.5
contig_1181_108	Ham1p_like	PF01725.16	3e-49	169.4
contig_993_149	Ham1p_like	PF01725.16	3e-49	169.4
contig_1708_204	Ham1p_like	PF01725.16	4.9e-48	165.4
contig_790_195	Ham1p_like	PF01725.16	8.2e-27	96.2
contig_790_194	Ham1p_like	PF01725.16	7.6e-18	67.0
contig_789_23	Ham1p_like	PF01725.16	2.7e-08	35.9
contig_1148_18	IPPT	PF01715.17	9.3e-88	295.8
contig_3327_4	IPPT	PF01715.17	1.2e-85	288.9
contig_1457_24	IPPT	PF01715.17	1.5e-85	288.6
contig_422_383	IPPT	PF01715.17	1.7e-85	288.3
contig_1265_9	IPPT	PF01715.17	1.1e-84	285.7
contig_338_5	IPPT	PF01715.17	1.7e-84	285.1
contig_760_25	IPPT	PF01715.17	1.4e-83	282.1
contig_398_344	IPPT	PF01715.17	1.4e-83	282.1
contig_3024_6	IPPT	PF01715.17	1.1e-78	266.0
contig_1536_79	IPPT	PF01715.17	7.8e-78	263.3
contig_3516_24	IPPT	PF01715.17	8.4e-75	253.4
contig_544_221	IPPT	PF01715.17	4e-74	251.2
contig_3324_72	IPPT	PF01715.17	2.2e-68	232.4
contig_2055_3	IPPT	PF01715.17	3.6e-68	231.7
contig_2629_14	IPPT	PF01715.17	1.4e-64	219.9
contig_2058_162	IPPT	PF01715.17	1.5e-62	213.3
contig_1264_288	IPPT	PF01715.17	2.9e-58	199.3
contig_1872_318	IPPT	PF01715.17	6.3e-56	191.6
contig_3280_36	IPPT	PF01715.17	1.7e-53	183.7
contig_2750_14	IPPT	PF01715.17	4.6e-44	152.8
contig_843_25	IPPT	PF01715.17	5.9e-30	106.7
contig_1513_1	IPPT	PF01715.17	1.5e-23	85.7
contig_3280_37	IPPT	PF01715.17	3e-21	78.2
contig_2824_14	IPPT	PF01715.17	1.2e-14	56.6
contig_843_24	IPPT	PF01715.17	5.5e-14	54.4
contig_2824_15	IPPT	PF01715.17	1.9e-10	42.9
contig_2824_13	IPPT	PF01715.17	5e-10	41.5
contig_2824_12	IPPT	PF01715.17	5e-08	34.9
contig_844_5	OSCP	PF00213.18	4.8e-51	175.2
contig_2088_7	OSCP	PF00213.18	1.8e-48	166.8
contig_939_49	OSCP	PF00213.18	8.5e-46	158.1
contig_94_89	OSCP	PF00213.18	8.5e-46	158.1
contig_1933_6	OSCP	PF00213.18	5.7e-44	152.2
contig_1262_170	OSCP	PF00213.18	1.2e-40	141.4
contig_160_53	OSCP	PF00213.18	4.2e-38	133.0
contig_336_83	OSCP	PF00213.18	2.6e-35	124.0
contig_3410_52	OSCP	PF00213.18	4.1e-25	90.8
contig_3019_3	OSCP	PF00213.18	6.7e-19	70.5
contig_3338_138	OSCP	PF00213.18	2.9e-12	49.0
contig_422_178	OSCP	PF00213.18	7.5e-11	44.3
contig_1872_61	OSCP	PF00213.18	5e-05	25.4
contig_2180_40	Pept_tRNA_hydro	PF01195.19	1.1e-59	203.1
contig_94_150	Pept_tRNA_hydro	PF01195.19	4e-59	201.3
contig_1903_41	Pept_tRNA_hydro	PF01195.19	1.7e-58	199.3
contig_2120_21	Pept_tRNA_hydro	PF01195.19	2.2e-58	198.9
contig_751_64	Pept_tRNA_hydro	PF01195.19	3e-58	198.4
contig_1908_3	Pept_tRNA_hydro	PF01195.19	3e-57	195.2
contig_986_13	Pept_tRNA_hydro	PF01195.19	5e-57	194.5
contig_3241_112	Pept_tRNA_hydro	PF01195.19	5.8e-57	194.3
contig_2560_4	Pept_tRNA_hydro	PF01195.19	8.7e-57	193.7
contig_1498_37	Pept_tRNA_hydro	PF01195.19	9e-56	190.4
contig_3278_40	Pept_tRNA_hydro	PF01195.19	3.6e-53	181.9
contig_422_1009	Pept_tRNA_hydro	PF01195.19	6e-53	181.2
contig_675_221	Pept_tRNA_hydro	PF01195.19	9.1e-53	180.6
contig_1264_498	Pept_tRNA_hydro	PF01195.19	6.7e-52	177.8
contig_3581_16	Pept_tRNA_hydro	PF01195.19	6.9e-52	177.7
contig_948_50	Pept_tRNA_hydro	PF01195.19	1.1e-51	177.1
contig_1761_17	Pept_tRNA_hydro	PF01195.19	2.4e-51	176.0
contig_373_91	Pept_tRNA_hydro	PF01195.19	5.3e-51	174.9
contig_1872_249	Pept_tRNA_hydro	PF01195.19	2.4e-49	169.5
contig_3018_4	Pept_tRNA_hydro	PF01195.19	1.1e-44	154.3
contig_1100_1	Pept_tRNA_hydro	PF01195.19	7.7e-24	86.4
contig_2956_5	Pept_tRNA_hydro	PF01195.19	5.4e-13	51.1
contig_241_460	PGK	PF00162.19	4.4e-173	577.5
contig_107_82	PGK	PF00162.19	1.6e-170	569.0
contig_381_463	PGK	PF00162.19	1.8e-170	568.9
contig_747_83	PGK	PF00162.19	8e-163	543.7
contig_1_274	PGK	PF00162.19	8.7e-162	540.3
contig_761_79	PGK	PF00162.19	3.6e-161	538.2
contig_557_188	PGK	PF00162.19	6.3e-159	530.9
contig_1921_29	PGK	PF00162.19	7.9e-158	527.3
contig_3214_4	PGK	PF00162.19	2.1e-157	525.9
contig_432_33	PGK	PF00162.19	1.9e-156	522.7
contig_448_20	PGK	PF00162.19	1.9e-156	522.7
contig_2561_4	PGK	PF00162.19	1.2e-155	520.1
contig_847_119	PGK	PF00162.19	2e-155	519.3
contig_1412_47	PGK	PF00162.19	6.1e-155	517.7
contig_1321_12	PGK	PF00162.19	5.6e-154	514.6
contig_770_252	PGK	PF00162.19	1.8e-152	509.6
contig_651_11	PGK	PF00162.19	2.3e-152	509.3
contig_1872_217	PGK	PF00162.19	4.7e-147	491.8
contig_2834_86	PGK	PF00162.19	8.2e-145	484.4
contig_1137_3	PGK	PF00162.19	6.2e-140	468.4
contig_2829_7	PGK	PF00162.19	3.1e-137	459.5
contig_2318_13	PGK	PF00162.19	1.9e-135	453.5
contig_2425_12	PGK	PF00162.19	2.1e-125	420.5
contig_650_33	PGK	PF00162.19	4e-115	386.7
contig_1630_6	PGK	PF00162.19	2.2e-112	377.6
contig_3368_165	PGK	PF00162.19	1.1e-105	355.6
contig_1262_383	PGK	PF00162.19	4.8e-76	258.1
contig_2554_2	PGK	PF00162.19	1.8e-75	256.2
contig_1475_26	PGK	PF00162.19	2.4e-75	255.8
contig_921_69	PGK	PF00162.19	1.2e-58	200.9
contig_921_68	PGK	PF00162.19	8.3e-50	171.7
contig_2425_11	PGK	PF00162.19	3.4e-26	94.0
contig_194_148	RBFA	PF02033.18	9.3e-35	121.1
contig_1787_19	RBFA	PF02033.18	2.2e-34	119.9
contig_2428_10	RBFA	PF02033.18	4.4e-34	119.0
contig_398_286	RBFA	PF02033.18	9.5e-34	117.9
contig_1435_12	RBFA	PF02033.18	2.6e-33	116.5
contig_422_53	RBFA	PF02033.18	2e-32	113.7
contig_234_105	RBFA	PF02033.18	2.7e-32	113.2
contig_3380_14	RBFA	PF02033.18	3.3e-32	112.9
contig_2062_2	RBFA	PF02033.18	8.9e-32	111.6
contig_2825_6	RBFA	PF02033.18	3.3e-31	109.7
contig_3341_19	RBFA	PF02033.18	2.8e-30	106.7
contig_1536_269	RBFA	PF02033.18	3.4e-30	106.5
contig_506_178	RBFA	PF02033.18	1.6e-29	104.3
contig_557_58	RBFA	PF02033.18	7.4e-27	95.7
contig_2926_8	RBFA	PF02033.18	9.6e-27	95.4
contig_2220_105	RBFA	PF02033.18	7.6e-26	92.5
contig_3337_21	RBFA	PF02033.18	2e-24	87.9
contig_2338_67	RBFA	PF02033.18	3.1e-24	87.3
contig_2074_22	RBFA	PF02033.18	6.9e-23	83.0
contig_1264_35	RBFA	PF02033.18	1.1e-22	82.3
contig_1737_35	RBFA	PF02033.18	3.6e-21	77.4
contig_1289_66	RecO_C	PF02565.15	3.7e-38	132.7
contig_160_94	RecO_C	PF02565.15	8.7e-35	121.7
contig_2377_3	RecO_C	PF02565.15	1.1e-34	121.4
contig_338_74	RecO_C	PF02565.15	1.3e-34	121.2
contig_424_68	RecO_C	PF02565.15	1.4e-33	117.8
contig_422_653	RecO_C	PF02565.15	1.9e-33	117.4
contig_1972_9	RecO_C	PF02565.15	4.7e-33	116.1
contig_972_6	RecO_C	PF02565.15	8.8e-32	112.0
contig_841_98	RecO_C	PF02565.15	9.4e-32	111.9
contig_1076_10	RecO_C	PF02565.15	7.3e-29	102.5
contig_2308_17	RecO_C	PF02565.15	8.1e-29	102.3
contig_506_69	RecO_C	PF02565.15	1.1e-28	101.9
contig_557_202	RecO_C	PF02565.15	2e-27	97.8
contig_3083_2	RecO_C	PF02565.15	3.8e-22	80.7
contig_3203_5	RecO_C	PF02565.15	3.3e-20	74.4
contig_3008_88	RecO_C	PF02565.15	5.6e-20	73.6
contig_408_2	RecO_C	PF02565.15	7.3e-18	66.7
contig_2116_27	RecO_C	PF02565.15	1.5e-14	56.0
contig_3363_1	RecO_C	PF02565.15	2.9e-06	29.1
contig_948_41	RecO_C	PF02565.15	7.7e-06	27.7
contig_1644_275	RecO_C	PF02565.15	1.6e-05	26.6
contig_2219_5	Ribonuclease_P	PF00825.18	1.2e-29	104.5
contig_3505_15	Ribonuclease_P	PF00825.18	1e-28	101.5
contig_982_60	Ribonuclease_P	PF00825.18	1.6e-28	100.8
contig_382_167	Ribonuclease_P	PF00825.18	1.5e-27	97.7
contig_3241_63	Ribonuclease_P	PF00825.18	4.8e-27	96.1
contig_1568_31	Ribonuclease_P	PF00825.18	1.1e-26	94.9
contig_373_194	Ribonuclease_P	PF00825.18	1.6e-26	94.4
contig_880_2	Ribonuclease_P	PF00825.18	1.7e-26	94.3
contig_94_250	Ribonuclease_P	PF00825.18	2.6e-26	93.7
contig_2967_3	Ribonuclease_P	PF00825.18	2.8e-26	93.6
contig_2345_1	Ribonuclease_P	PF00825.18	3.5e-26	93.3
contig_3122_10	Ribonuclease_P	PF00825.18	3.7e-25	90.0
contig_537_33	Ribonuclease_P	PF00825.18	1.6e-22	81.5
contig_2220_15	Ribonuclease_P	PF00825.18	8.8e-21	75.9
contig_1780_4	Ribonuclease_P	PF00825.18	2.4e-16	61.7
contig_1644_74	Ribonuclease_P	PF00825.18	1.6e-08	36.5
contig_2578_17	Ribonuclease_P	PF00825.18	2.7e-08	35.7
contig_1350_1	Ribonuclease_P	PF00825.18	8.7e-06	27.7
contig_3382_53	Ribosomal_L1	PF00687.21	5.2e-60	204.6
contig_3478_40	Ribosomal_L1	PF00687.21	3.3e-58	198.7
contig_381_260	Ribosomal_L1	PF00687.21	4.2e-58	198.4
contig_2220_98	Ribosomal_L1	PF00687.21	3.4e-56	192.1
contig_546_65	Ribosomal_L1	PF00687.21	8.1e-56	190.9
contig_635_14	Ribosomal_L1	PF00687.21	8.4e-56	190.8
contig_341_54	Ribosomal_L1	PF00687.21	1.4e-55	190.1
contig_3423_27	Ribosomal_L1	PF00687.21	1.5e-55	190.0
contig_1010_8	Ribosomal_L1	PF00687.21	1.5e-55	190.0
contig_241_596	Ribosomal_L1	PF00687.21	1.8e-55	189.7
contig_1_208	Ribosomal_L1	PF00687.21	2e-54	186.3
contig_1775_6	Ribosomal_L1	PF00687.21	2.3e-54	186.1
contig_2058_288	Ribosomal_L1	PF00687.21	6e-54	184.8
contig_633_240	Ribosomal_L1	PF00687.21	9.9e-52	177.5
contig_1285_48	Ribosomal_L1	PF00687.21	1e-49	171.0
contig_993_376	Ribosomal_L1	PF00687.21	8.2e-48	164.7
contig_803_158	Ribosomal_L1	PF00687.21	2.1e-47	163.4
contig_1708_454	Ribosomal_L1	PF00687.21	2.3e-47	163.3
contig_985_109	Ribosomal_L1	PF00687.21	2.5e-45	156.6
contig_1009_47	Ribosomal_L13	PF00572.18	8.2e-61	205.7
contig_241_550	Ribosomal_L13	PF00572.18	3.1e-60	203.8
contig_1913_6	Ribosomal_L13	PF00572.18	2.5e-59	200.9
contig_986_92	Ribosomal_L13	PF00572.18	4.5e-59	200.0
contig_381_212	Ribosomal_L13	PF00572.18	1.2e-58	198.6
contig_339_37	Ribosomal_L13	PF00572.18	2e-58	198.0
contig_3382_101	Ribosomal_L13	PF00572.18	3.6e-58	197.1
contig_1019_22	Ribosomal_L13	PF00572.18	4e-58	197.0
contig_1983_44	Ribosomal_L13	PF00572.18	8e-58	196.0
contig_341_6	Ribosomal_L13	PF00572.18	1.9e-57	194.8
contig_3394_2	Ribosomal_L13	PF00572.18	3.3e-57	194.0
contig_1264_279	Ribosomal_L13	PF00572.18	1e-56	192.4
contig_3519_35	Ribosomal_L13	PF00572.18	3.8e-55	187.4
contig_1397_43	Ribosomal_L13	PF00572.18	2e-54	185.0
contig_837_2	Ribosomal_L13	PF00572.18	1.1e-52	179.4
contig_546_19	Ribosomal_L13	PF00572.18	1.5e-52	179.0
contig_2058_730	Ribosomal_L13	PF00572.18	1.6e-51	175.6
contig_2596_139	Ribosomal_L13	PF00572.18	7.2e-50	170.3
contig_839_962	Ribosomal_L13	PF00572.18	4.4e-13	51.5
contig_866_129	Ribosomal_L13	PF00572.18	2.6e-11	45.7
contig_1708_715	Ribosomal_L13	PF00572.18	6.7e-11	44.4
contig_2058_312	Ribosomal_L14	PF00238.19	4.1e-56	190.2
contig_1152_21	Ribosomal_L14	PF00238.19	1.5e-55	188.4
contig_3382_76	Ribosomal_L14	PF00238.19	1.9e-55	188.0
contig_241_572	Ribosomal_L14	PF00238.19	3.4e-55	187.2
contig_3297_71	Ribosomal_L14	PF00238.19	3.5e-55	187.2
contig_1983_20	Ribosomal_L14	PF00238.19	8.6e-55	185.9
contig_341_28	Ribosomal_L14	PF00238.19	2e-54	184.8
contig_1_233	Ribosomal_L14	PF00238.19	4e-54	183.8
contig_3519_13	Ribosomal_L14	PF00238.19	5.6e-54	183.3
contig_1262_367	Ribosomal_L14	PF00238.19	8.4e-54	182.7
contig_381_237	Ribosomal_L14	PF00238.19	1.2e-53	182.2
contig_3396_24	Ribosomal_L14	PF00238.19	1.9e-53	181.6
contig_546_39	Ribosomal_L14	PF00238.19	2e-53	181.5
contig_1009_16	Ribosomal_L14	PF00238.19	8.1e-53	179.6
contig_1019_48	Ribosomal_L14	PF00238.19	5.7e-51	173.6
contig_986_72	Ribosomal_L14	PF00238.19	1.5e-50	172.3
contig_2220_57	Ribosomal_L14	PF00238.19	1.3e-46	159.5
contig_1645_16	Ribosomal_L14	PF00238.19	1.3e-44	153.0
contig_866_104	Ribosomal_L14	PF00238.19	1.4e-35	123.9
contig_839_992	Ribosomal_L14	PF00238.19	2.1e-35	123.4
contig_1708_689	Ribosomal_L14	PF00238.19	1.1e-34	121.0
contig_1983_17	Ribosomal_L16	PF00252.18	1.3e-54	185.7
contig_3519_10	Ribosomal_L16	PF00252.18	6.3e-54	183.4
contig_241_575	Ribosomal_L16	PF00252.18	1.8e-53	181.9
contig_3382_73	Ribosomal_L16	PF00252.18	2.5e-53	181.5
contig_3396_27	Ribosomal_L16	PF00252.18	6.9e-53	180.1
contig_381_240	Ribosomal_L16	PF00252.18	1.5e-51	175.8
contig_1_230	Ribosomal_L16	PF00252.18	3e-51	174.7
contig_1645_19	Ribosomal_L16	PF00252.18	3.3e-51	174.6
contig_1262_370	Ribosomal_L16	PF00252.18	4.3e-51	174.2
contig_546_42	Ribosomal_L16	PF00252.18	4.9e-51	174.1
contig_986_69	Ribosomal_L16	PF00252.18	7.6e-50	170.2
contig_341_31	Ribosomal_L16	PF00252.18	1e-49	169.8
contig_3297_74	Ribosomal_L16	PF00252.18	1.1e-49	169.7
contig_1152_18	Ribosomal_L16	PF00252.18	4.3e-48	164.6
contig_2058_309	Ribosomal_L16	PF00252.18	4.9e-48	164.4
contig_1009_13	Ribosomal_L16	PF00252.18	1.2e-41	143.7
contig_2220_54	Ribosomal_L16	PF00252.18	3.3e-37	129.3
contig_667_92	Ribosomal_L16	PF00252.18	2.9e-35	123.0
contig_3368_40	Ribosomal_L16	PF00252.18	1.2e-33	117.8
contig_1_252	Ribosomal_L17	PF01196.19	2.7e-40	139.0
contig_636_2	Ribosomal_L17	PF01196.19	4.4e-40	138.4
contig_341_8	Ribosomal_L17	PF01196.19	4.4e-40	138.4
contig_241_555	Ribosomal_L17	PF01196.19	4.8e-39	135.0
contig_1983_39	Ribosomal_L17	PF01196.19	5.2e-39	134.9
contig_3396_5	Ribosomal_L17	PF01196.19	7.5e-39	134.4
contig_3519_30	Ribosomal_L17	PF01196.19	7e-38	131.3
contig_1913_11	Ribosomal_L17	PF01196.19	1.5e-37	130.2
contig_1009_36	Ribosomal_L17	PF01196.19	2.1e-37	129.8
contig_2556_5	Ribosomal_L17	PF01196.19	4.3e-37	128.8
contig_2058_327	Ribosomal_L17	PF01196.19	8.5e-37	127.8
contig_546_24	Ribosomal_L17	PF01196.19	1e-36	127.5
contig_3382_96	Ribosomal_L17	PF01196.19	1.2e-36	127.3
contig_2429_3	Ribosomal_L17	PF01196.19	8.8e-36	124.6
contig_2533_4	Ribosomal_L17	PF01196.19	2.3e-35	123.2
contig_3297_52	Ribosomal_L17	PF01196.19	3.9e-35	122.5
contig_381_218	Ribosomal_L17	PF01196.19	2.1e-34	120.1
contig_1262_349	Ribosomal_L17	PF01196.19	4.6e-32	112.7
contig_1019_29	Ribosomal_L17	PF01196.19	3.3e-31	109.9
contig_986_90	Ribosomal_L17	PF01196.19	1.3e-30	108.0
contig_2220_76	Ribosomal_L17	PF01196.19	7.1e-27	96.0
contig_3111_3	Ribosomal_L17	PF01196.19	5.5e-13	51.5
contig_2220_63	Ribosomal_L18p	PF00861.22	1.6e-50	172.2
contig_986_78	Ribosomal_L18p	PF00861.22	5.5e-50	170.5
contig_1645_10	Ribosomal_L18p	PF00861.22	1.8e-49	168.8
contig_546_34	Ribosomal_L18p	PF00861.22	2.7e-49	168.2
contig_2533_16	Ribosomal_L18p	PF00861.22	4.2e-49	167.6
contig_1_239	Ribosomal_L18p	PF00861.22	2.5e-48	165.1
contig_3297_65	Ribosomal_L18p	PF00861.22	2.6e-48	165.1
contig_241_567	Ribosomal_L18p	PF00861.22	3e-48	164.9
contig_3382_82	Ribosomal_L18p	PF00861.22	5.6e-48	164.0
contig_1009_22	Ribosomal_L18p	PF00861.22	9e-48	163.3
contig_381_232	Ribosomal_L18p	PF00861.22	3e-47	161.7
contig_636_17	Ribosomal_L18p	PF00861.22	3.3e-47	161.5
contig_3396_18	Ribosomal_L18p	PF00861.22	4.9e-47	161.0
contig_1019_42	Ribosomal_L18p	PF00861.22	9.6e-47	160.0
contig_3519_19	Ribosomal_L18p	PF00861.22	1.7e-46	159.2
contig_1983_26	Ribosomal_L18p	PF00861.22	2.3e-46	158.8
contig_341_22	Ribosomal_L18p	PF00861.22	3.1e-45	155.2
contig_1262_361	Ribosomal_L18p	PF00861.22	3.8e-44	151.6
contig_2885_3	Ribosomal_L18p	PF00861.22	9.8e-43	147.1
contig_2058_318	Ribosomal_L18p	PF00861.22	3.1e-42	145.5
contig_1708_698	Ribosomal_L18p	PF00861.22	3.7e-08	35.6
contig_866_113	Ribosomal_L18p	PF00861.22	1.1e-06	30.9
contig_1155_105	Ribosomal_L19	PF01245.20	5.3e-54	182.8
contig_194_20	Ribosomal_L19	PF01245.20	1.5e-52	178.1
contig_234_37	Ribosomal_L19	PF01245.20	4.7e-52	176.5
contig_3395_48	Ribosomal_L19	PF01245.20	2e-51	174.4
contig_634_6	Ribosomal_L19	PF01245.20	2.8e-51	174.0
contig_2227_27	Ribosomal_L19	PF01245.20	1.2e-50	172.0
contig_2195_13	Ribosomal_L19	PF01245.20	1.3e-50	171.8
contig_422_552	Ribosomal_L19	PF01245.20	2.2e-50	171.1
contig_506_123	Ribosomal_L19	PF01245.20	2.4e-50	171.0
contig_1806_2	Ribosomal_L19	PF01245.20	8.6e-50	169.2
contig_2515_6	Ribosomal_L19	PF01245.20	2.8e-49	167.5
contig_2823_4	Ribosomal_L19	PF01245.20	3e-49	167.5
contig_1699_42	Ribosomal_L19	PF01245.20	3.8e-49	167.1
contig_2769_14	Ribosomal_L19	PF01245.20	1.1e-48	165.7
contig_398_190	Ribosomal_L19	PF01245.20	6.5e-48	163.2
contig_545_40	Ribosomal_L19	PF01245.20	6.2e-47	160.0
contig_1644_238	Ribosomal_L19	PF01245.20	2e-45	155.1
contig_1020_52	Ribosomal_L19	PF01245.20	1.8e-43	148.8
contig_1872_192	Ribosomal_L19	PF01245.20	4.5e-39	134.7
contig_1132_92	Ribosomal_L19	PF01245.20	1.2e-23	85.0
contig_1107_42	Ribosomal_L20	PF00453.18	8.9e-49	165.9
contig_160_118	Ribosomal_L20	PF00453.18	1.3e-48	165.3
contig_194_183	Ribosomal_L20	PF00453.18	2e-48	164.8
contig_933_5	Ribosomal_L20	PF00453.18	2.1e-48	164.7
contig_670_12	Ribosomal_L20	PF00453.18	2.2e-48	164.6
contig_544_149	Ribosomal_L20	PF00453.18	3.4e-48	164.0
contig_422_672	Ribosomal_L20	PF00453.18	4.2e-48	163.8
contig_746_33	Ribosomal_L20	PF00453.18	2.6e-47	161.2
contig_1412_5	Ribosomal_L20	PF00453.18	1.5e-46	158.8
contig_836_6	Ribosomal_L20	PF00453.18	2.1e-46	158.3
contig_3202_9	Ribosomal_L20	PF00453.18	2.5e-46	158.0
contig_720_2	Ribosomal_L20	PF00453.18	2.7e-46	157.9
contig_1872_92	Ribosomal_L20	PF00453.18	2.9e-46	157.9
contig_1963_3	Ribosomal_L20	PF00453.18	3.4e-45	154.4
contig_1087_22	Ribosomal_L20	PF00453.18	3.4e-45	154.4
contig_3400_1	Ribosomal_L20	PF00453.18	4e-45	154.2
contig_985_117	Ribosomal_L20	PF00453.18	9e-44	149.8
contig_3324_10	Ribosomal_L20	PF00453.18	1.3e-43	149.3
contig_1262_317	Ribosomal_L20	PF00453.18	8.6e-39	133.8
contig_1935_5	Ribosomal_L20	PF00453.18	9.6e-32	111.1
contig_862_1	Ribosomal_L20	PF00453.18	2.1e-19	71.5
contig_3314_50	Ribosomal_L21p	PF00829.21	1.5e-43	149.0
contig_422_481	Ribosomal_L21p	PF00829.21	6e-43	147.1
contig_241_107	Ribosomal_L21p	PF00829.21	1.5e-41	142.6
contig_799_14	Ribosomal_L21p	PF00829.21	3.6e-41	141.4
contig_1046_6	Ribosomal_L21p	PF00829.21	2.3e-40	138.8
contig_1536_337	Ribosomal_L21p	PF00829.21	3e-40	138.4
contig_503_13	Ribosomal_L21p	PF00829.21	3.4e-40	138.3
contig_1091_21	Ribosomal_L21p	PF00829.21	4.5e-40	137.9
contig_338_196	Ribosomal_L21p	PF00829.21	5.6e-40	137.6
contig_770_244	Ribosomal_L21p	PF00829.21	7e-40	137.2
contig_788_2	Ribosomal_L21p	PF00829.21	3.2e-39	135.1
contig_2055_12	Ribosomal_L21p	PF00829.21	3.5e-39	135.0
contig_3565_64	Ribosomal_L21p	PF00829.21	5.3e-38	131.2
contig_3169_6	Ribosomal_L21p	PF00829.21	6.4e-38	130.9
contig_1215_17	Ribosomal_L21p	PF00829.21	8.5e-38	130.6
contig_676_22	Ribosomal_L21p	PF00829.21	9e-37	127.3
contig_1644_41	Ribosomal_L21p	PF00829.21	1.5e-35	123.4
contig_1289_2	Ribosomal_L21p	PF00829.21	5e-35	121.7
contig_1872_41	Ribosomal_L21p	PF00829.21	9e-25	88.7
contig_3557_60	Ribosomal_L21p	PF00829.21	4.4e-21	76.9
contig_2886_1	Ribosomal_L21p	PF00829.21	2e-10	42.7
contig_1086_2	Ribosomal_L22	PF00237.19	3.1e-36	125.6
contig_241_577	Ribosomal_L22	PF00237.19	4.1e-36	125.2
contig_1645_21	Ribosomal_L22	PF00237.19	7.1e-34	118.0
contig_3519_8	Ribosomal_L22	PF00237.19	1.9e-33	116.6
contig_1009_11	Ribosomal_L22	PF00237.19	1.6e-32	113.7
contig_2220_52	Ribosomal_L22	PF00237.19	2.1e-32	113.3
contig_3396_29	Ribosomal_L22	PF00237.19	2.2e-32	113.2
contig_1_228	Ribosomal_L22	PF00237.19	2.1e-31	110.1
contig_1708_683	Ribosomal_L22	PF00237.19	2.2e-31	110.0
contig_3382_71	Ribosomal_L22	PF00237.19	4.8e-31	108.9
contig_866_98	Ribosomal_L22	PF00237.19	5e-31	108.9
contig_1152_16	Ribosomal_L22	PF00237.19	7.3e-31	108.3
contig_381_242	Ribosomal_L22	PF00237.19	4.6e-30	105.8
contig_2058_307	Ribosomal_L22	PF00237.19	1.3e-29	104.3
contig_3297_76	Ribosomal_L22	PF00237.19	1.6e-29	104.0
contig_546_44	Ribosomal_L22	PF00237.19	2.4e-29	103.4
contig_1262_372	Ribosomal_L22	PF00237.19	2.4e-26	93.8
contig_986_67	Ribosomal_L22	PF00237.19	7.9e-26	92.2
contig_839_998	Ribosomal_L22	PF00237.19	5.5e-21	76.6
contig_341_33	Ribosomal_L22	PF00237.19	1.6e-09	39.8
contig_839_999	Ribosomal_L22	PF00237.19	9.8e-07	30.8
contig_241_580	Ribosomal_L23	PF00276.20	3.3e-37	128.6
contig_3135_3	Ribosomal_L23	PF00276.20	3.5e-36	125.3
contig_1645_24	Ribosomal_L23	PF00276.20	6.8e-36	124.4
contig_1_225	Ribosomal_L23	PF00276.20	1.5e-35	123.3
contig_1983_13	Ribosomal_L23	PF00276.20	4.6e-35	121.7
contig_3297_79	Ribosomal_L23	PF00276.20	7.6e-35	121.0
contig_1009_8	Ribosomal_L23	PF00276.20	9e-35	120.8
contig_3396_32	Ribosomal_L23	PF00276.20	1e-33	117.4
contig_3519_5	Ribosomal_L23	PF00276.20	1e-33	117.4
contig_546_47	Ribosomal_L23	PF00276.20	1.1e-33	117.3
contig_3382_68	Ribosomal_L23	PF00276.20	1.4e-33	117.0
contig_381_245	Ribosomal_L23	PF00276.20	1.4e-33	117.0
contig_341_36	Ribosomal_L23	PF00276.20	6.5e-33	114.8
contig_2058_304	Ribosomal_L23	PF00276.20	2.2e-32	113.1
contig_2305_6	Ribosomal_L23	PF00276.20	3.9e-32	112.3
contig_1086_5	Ribosomal_L23	PF00276.20	2.2e-31	109.9
contig_1152_13	Ribosomal_L23	PF00276.20	2.1e-30	106.8
contig_1262_375	Ribosomal_L23	PF00276.20	2.6e-30	106.5
contig_2220_49	Ribosomal_L23	PF00276.20	3.3e-30	106.2
contig_2729_3	Ribosomal_L23	PF00276.20	6.7e-30	105.2
contig_3448_5	Ribosomal_L23	PF00276.20	2.3e-29	103.5
contig_986_64	Ribosomal_L23	PF00276.20	3.4e-29	102.9
contig_866_95	Ribosomal_L23	PF00276.20	2.4e-18	68.1
contig_1708_680	Ribosomal_L23	PF00276.20	6.6e-16	60.3
contig_839_1002	Ribosomal_L23	PF00276.20	1.5e-15	59.2
contig_3382_77	ribosomal_L24	PF17136.4	1.1e-31	110.8
contig_1983_21	ribosomal_L24	PF17136.4	2.2e-29	103.5
contig_3297_70	ribosomal_L24	PF17136.4	6.4e-29	102.0
contig_3519_14	ribosomal_L24	PF17136.4	8.3e-28	98.5
contig_341_27	ribosomal_L24	PF17136.4	1.2e-27	97.9
contig_546_38	ribosomal_L24	PF17136.4	1.5e-27	97.7
contig_2058_313	ribosomal_L24	PF17136.4	3.7e-27	96.4
contig_2220_58	ribosomal_L24	PF17136.4	1e-26	95.0
contig_986_73	ribosomal_L24	PF17136.4	1.2e-26	94.7
contig_1645_15	ribosomal_L24	PF17136.4	1.5e-26	94.4
contig_3396_23	ribosomal_L24	PF17136.4	3.7e-26	93.2
contig_1009_17	ribosomal_L24	PF17136.4	6.5e-26	92.4
contig_241_571	ribosomal_L24	PF17136.4	1.5e-25	91.2
contig_1019_47	ribosomal_L24	PF17136.4	2.2e-25	90.7
contig_381_236	ribosomal_L24	PF17136.4	9.6e-25	88.6
contig_1262_366	ribosomal_L24	PF17136.4	2.1e-22	81.2
contig_1_234	ribosomal_L24	PF17136.4	6.2e-20	73.2
contig_3396_28	Ribosomal_S3_C	PF00189.20	5.6e-41	140.8
contig_1983_16	Ribosomal_S3_C	PF00189.20	6.4e-41	140.6
contig_2058_308	Ribosomal_S3_C	PF00189.20	5.3e-40	137.7
contig_341_32	Ribosomal_S3_C	PF00189.20	5.8e-40	137.5
contig_1152_17	Ribosomal_S3_C	PF00189.20	7.6e-40	137.2
contig_1645_20	Ribosomal_S3_C	PF00189.20	9e-40	137.0
contig_381_241	Ribosomal_S3_C	PF00189.20	1.5e-39	136.2
contig_3382_72	Ribosomal_S3_C	PF00189.20	3.6e-39	135.0
contig_3297_75	Ribosomal_S3_C	PF00189.20	8.2e-39	133.9
contig_3519_9	Ribosomal_S3_C	PF00189.20	1.2e-38	133.3
contig_1_229	Ribosomal_S3_C	PF00189.20	1.6e-38	132.9
contig_546_43	Ribosomal_S3_C	PF00189.20	2.6e-37	129.0
contig_1009_12	Ribosomal_S3_C	PF00189.20	2.9e-37	128.9
contig_241_576	Ribosomal_S3_C	PF00189.20	4.6e-37	128.3
contig_986_68	Ribosomal_S3_C	PF00189.20	3.1e-35	122.4
contig_2220_53	Ribosomal_S3_C	PF00189.20	6.1e-34	118.3
contig_1262_371	Ribosomal_S3_C	PF00189.20	1.7e-33	116.9
contig_839_997	Ribosomal_S3_C	PF00189.20	4.8e-22	80.1
contig_866_99	Ribosomal_S3_C	PF00189.20	2.2e-21	78.0
contig_1708_684	Ribosomal_S3_C	PF00189.20	3.2e-21	77.5
contig_3382_78	Ribosomal_L5	PF00281.19	6.6e-30	105.1
contig_1645_14	Ribosomal_L5	PF00281.19	8.8e-30	104.7
contig_1983_22	Ribosomal_L5	PF00281.19	1.1e-29	104.4
contig_1019_46	Ribosomal_L5	PF00281.19	6.2e-28	98.8
contig_381_235	Ribosomal_L5	PF00281.19	8.3e-28	98.4
contig_341_26	Ribosomal_L5	PF00281.19	1.9e-27	97.2
contig_1009_18	Ribosomal_L5	PF00281.19	2.4e-27	96.9
contig_241_570	Ribosomal_L5	PF00281.19	1.1e-26	94.8
contig_1_235	Ribosomal_L5	PF00281.19	2.2e-26	93.8
contig_3396_22	Ribosomal_L5	PF00281.19	3.7e-26	93.1
contig_3297_69	Ribosomal_L5	PF00281.19	3.8e-26	93.0
contig_1262_365	Ribosomal_L5	PF00281.19	4.4e-26	92.8
contig_546_37	Ribosomal_L5	PF00281.19	1.3e-25	91.3
contig_3519_15	Ribosomal_L5	PF00281.19	1.5e-25	91.1
contig_986_74	Ribosomal_L5	PF00281.19	2.7e-25	90.3
contig_2058_314	Ribosomal_L5	PF00281.19	7.7e-25	88.9
contig_2220_59	Ribosomal_L5	PF00281.19	4.7e-20	73.5
contig_1708_692	Ribosomal_L5	PF00281.19	2.9e-18	67.8
contig_3472_2	Ribosomal_L5	PF00281.19	7.7e-18	66.4
contig_866_108	Ribosomal_L5	PF00281.19	1.2e-17	65.8
contig_839_989	Ribosomal_L5	PF00281.19	3.1e-17	64.5
contig_1983_14	Ribosomal_L2	PF00181.23	1.9e-34	119.3
contig_2729_4	Ribosomal_L2	PF00181.23	3.7e-34	118.4
contig_3135_2	Ribosomal_L2	PF00181.23	7.8e-34	117.3
contig_241_579	Ribosomal_L2	PF00181.23	8.2e-34	117.3
contig_986_65	Ribosomal_L2	PF00181.23	8.8e-34	117.2
contig_3396_31	Ribosomal_L2	PF00181.23	1e-33	117.0
contig_1009_9	Ribosomal_L2	PF00181.23	1.2e-33	116.8
contig_3382_69	Ribosomal_L2	PF00181.23	1.5e-33	116.4
contig_1_226	Ribosomal_L2	PF00181.23	2.2e-33	115.9
contig_1645_23	Ribosomal_L2	PF00181.23	2.2e-33	115.9
contig_3297_78	Ribosomal_L2	PF00181.23	2.5e-33	115.7
contig_2220_50	Ribosomal_L2	PF00181.23	3.1e-33	115.4
contig_1262_374	Ribosomal_L2	PF00181.23	3.2e-33	115.4
contig_341_35	Ribosomal_L2	PF00181.23	8e-33	114.1
contig_1086_4	Ribosomal_L2	PF00181.23	6.5e-32	111.2
contig_1152_14	Ribosomal_L2	PF00181.23	2.4e-31	109.4
contig_2058_305	Ribosomal_L2	PF00181.23	4.1e-31	108.6
contig_381_244	Ribosomal_L2	PF00181.23	5.7e-31	108.2
contig_3448_4	Ribosomal_L2	PF00181.23	6.3e-31	108.0
contig_546_46	Ribosomal_L2	PF00181.23	1.3e-30	107.0
contig_3519_6	Ribosomal_L2	PF00181.23	1.7e-30	106.7
contig_1708_681	Ribosomal_L2	PF00181.23	7.2e-24	85.4
contig_839_1001	Ribosomal_L2	PF00181.23	8.2e-19	69.2
contig_866_96	Ribosomal_L2	PF00181.23	2.1e-18	67.9
contig_770_246	Ribosomal_L27	PF01016.19	5.2e-39	134.0
contig_1215_18	Ribosomal_L27	PF01016.19	9.1e-39	133.2
contig_503_11	Ribosomal_L27	PF01016.19	1.5e-38	132.5
contig_2886_3	Ribosomal_L27	PF01016.19	1.9e-38	132.2
contig_676_23	Ribosomal_L27	PF01016.19	2.5e-38	131.8
contig_1091_19	Ribosomal_L27	PF01016.19	3.5e-38	131.3
contig_2137_9	Ribosomal_L27	PF01016.19	4.9e-38	130.9
contig_1644_40	Ribosomal_L27	PF01016.19	5.9e-38	130.6
contig_3557_61	Ribosomal_L27	PF01016.19	8.9e-38	130.1
contig_1289_4	Ribosomal_L27	PF01016.19	7.4e-37	127.1
contig_1536_338	Ribosomal_L27	PF01016.19	3.6e-36	124.9
contig_3565_62	Ribosomal_L27	PF01016.19	5.1e-36	124.4
contig_1872_40	Ribosomal_L27	PF01016.19	7.1e-36	124.0
contig_3314_52	Ribosomal_L27	PF01016.19	8.4e-36	123.7
contig_3169_8	Ribosomal_L27	PF01016.19	9.4e-36	123.6
contig_338_194	Ribosomal_L27	PF01016.19	1.2e-35	123.2
contig_799_12	Ribosomal_L27	PF01016.19	2.4e-35	122.3
contig_241_105	Ribosomal_L27	PF01016.19	5e-35	121.2
contig_422_480	Ribosomal_L27	PF01016.19	1.1e-34	120.1
contig_1046_8	Ribosomal_L27	PF01016.19	1.4e-33	116.6
contig_2055_10	Ribosomal_L27	PF01016.19	5.3e-33	114.7
contig_381_229	Ribosomal_L27A	PF00828.19	3.4e-41	142.8
contig_1983_29	Ribosomal_L27A	PF00828.19	1e-40	141.3
contig_3396_15	Ribosomal_L27A	PF00828.19	4.1e-40	139.3
contig_3382_85	Ribosomal_L27A	PF00828.19	4.4e-40	139.2
contig_1_242	Ribosomal_L27A	PF00828.19	2e-39	137.0
contig_1019_39	Ribosomal_L27A	PF00828.19	3.2e-39	136.4
contig_1645_8	Ribosomal_L27A	PF00828.19	1.4e-38	134.4
contig_3297_62	Ribosomal_L27A	PF00828.19	4.7e-38	132.6
contig_1262_358	Ribosomal_L27A	PF00828.19	4.8e-38	132.6
contig_241_564	Ribosomal_L27A	PF00828.19	9.1e-38	131.7
contig_341_20	Ribosomal_L27A	PF00828.19	1.9e-37	130.7
contig_3519_21	Ribosomal_L27A	PF00828.19	2.7e-37	130.2
contig_2533_13	Ribosomal_L27A	PF00828.19	3e-37	130.0
contig_2444_1	Ribosomal_L27A	PF00828.19	4.3e-37	129.5
contig_546_32	Ribosomal_L27A	PF00828.19	5e-37	129.3
contig_2220_65	Ribosomal_L27A	PF00828.19	5.7e-37	129.1
contig_1009_25	Ribosomal_L27A	PF00828.19	2.6e-36	127.0
contig_986_81	Ribosomal_L27A	PF00828.19	2.9e-36	126.8
contig_2058_321	Ribosomal_L27A	PF00828.19	3.3e-36	126.7
contig_987_3	Ribosomal_L27A	PF00828.19	4e-32	113.5
contig_636_15	Ribosomal_L27A	PF00828.19	1.6e-30	108.3
contig_1708_701	Ribosomal_L27A	PF00828.19	4.2e-23	84.3
contig_839_978	Ribosomal_L27A	PF00828.19	2.4e-08	36.6
contig_1708_714	Ribosomal_L27A	PF00828.19	2.8e-08	36.4
contig_839_979	Ribosomal_L27A	PF00828.19	4.2e-08	35.8
contig_839_963	Ribosomal_L27A	PF00828.19	9e-08	34.7
contig_866_116	Ribosomal_L27A	PF00828.19	1.8e-07	33.8
contig_866_128	Ribosomal_L27A	PF00828.19	3.1e-07	33.0
contig_1573_25	Ribosomal_L28	PF00830.19	8.9e-23	82.1
contig_1575_42	Ribosomal_L28	PF00830.19	1.4e-22	81.5
contig_457_1	Ribosomal_L28	PF00830.19	3.7e-22	80.1
contig_986_133	Ribosomal_L28	PF00830.19	4.8e-22	79.8
contig_398_156	Ribosomal_L28	PF00830.19	9.2e-22	78.9
contig_545_68	Ribosomal_L28	PF00830.19	1e-21	78.7
contig_1409_11	Ribosomal_L28	PF00830.19	2e-21	77.8
contig_2338_20	Ribosomal_L28	PF00830.19	3e-21	77.2
contig_1155_74	Ribosomal_L28	PF00830.19	3.6e-21	77.0
contig_194_49	Ribosomal_L28	PF00830.19	5.3e-21	76.4
contig_2217_6	Ribosomal_L28	PF00830.19	9e-21	75.7
contig_506_84	Ribosomal_L28	PF00830.19	8.7e-20	72.5
contig_3395_9	Ribosomal_L28	PF00830.19	1.3e-19	72.0
contig_3369_9	Ribosomal_L28	PF00830.19	1.6e-18	68.5
contig_2385_11	Ribosomal_L28	PF00830.19	2.5e-18	67.9
contig_3435_75	Ribosomal_L28	PF00830.19	5.3e-18	66.8
contig_2733_4	Ribosomal_L28	PF00830.19	3.3e-16	61.1
contig_241_574	Ribosomal_L29	PF00831.23	2.2e-29	103.0
contig_381_239	Ribosomal_L29	PF00831.23	3.2e-28	99.3
contig_3396_26	Ribosomal_L29	PF00831.23	1.1e-27	97.6
contig_1983_18	Ribosomal_L29	PF00831.23	1.1e-27	97.6
contig_3382_74	Ribosomal_L29	PF00831.23	2e-27	96.8
contig_546_41	Ribosomal_L29	PF00831.23	3e-27	96.2
contig_1009_14	Ribosomal_L29	PF00831.23	3.2e-27	96.1
contig_3519_11	Ribosomal_L29	PF00831.23	4.7e-25	89.2
contig_1645_18	Ribosomal_L29	PF00831.23	6e-25	88.9
contig_1_231	Ribosomal_L29	PF00831.23	1.1e-24	88.1
contig_2058_310	Ribosomal_L29	PF00831.23	1.7e-24	87.4
contig_3297_73	Ribosomal_L29	PF00831.23	1.8e-24	87.3
contig_341_30	Ribosomal_L29	PF00831.23	2.4e-24	86.9
contig_1152_19	Ribosomal_L29	PF00831.23	3.8e-24	86.3
contig_986_70	Ribosomal_L29	PF00831.23	2.8e-23	83.5
contig_1262_369	Ribosomal_L29	PF00831.23	1.7e-21	77.8
contig_2220_55	Ribosomal_L29	PF00831.23	1.1e-19	72.0
contig_866_100	Ribosomal_L29	PF00831.23	6.1e-19	69.6
contig_839_996	Ribosomal_L29	PF00831.23	1.9e-17	64.8
contig_1708_685	Ribosomal_L29	PF00831.23	4e-17	63.8
contig_1708_678	Ribosomal_L3	PF00297.22	9.5e-98	329.5
contig_866_93	Ribosomal_L3	PF00297.22	2.1e-94	318.4
contig_2927_2	Ribosomal_L3	PF00297.22	3.2e-88	298.1
contig_839_1005	Ribosomal_L3	PF00297.22	1.3e-47	164.5
contig_839_1006	Ribosomal_L3	PF00297.22	1.6e-32	114.8
contig_2220_47	Ribosomal_L3	PF00297.22	5.7e-23	83.4
contig_3135_5	Ribosomal_L3	PF00297.22	2.9e-21	77.8
contig_1645_26	Ribosomal_L3	PF00297.22	5.8e-21	76.8
contig_3519_3	Ribosomal_L3	PF00297.22	2.7e-20	74.6
contig_381_247	Ribosomal_L3	PF00297.22	6.9e-20	73.3
contig_3448_7	Ribosomal_L3	PF00297.22	8.6e-20	72.9
contig_1009_6	Ribosomal_L3	PF00297.22	1.3e-18	69.0
contig_986_62	Ribosomal_L3	PF00297.22	5.6e-18	67.0
contig_1262_377	Ribosomal_L3	PF00297.22	1e-17	66.1
contig_1_223	Ribosomal_L3	PF00297.22	1.4e-17	65.6
contig_3297_81	Ribosomal_L3	PF00297.22	1.1e-16	62.8
contig_341_38	Ribosomal_L3	PF00297.22	1.3e-16	62.5
contig_546_49	Ribosomal_L3	PF00297.22	2.3e-16	61.7
contig_241_582	Ribosomal_L3	PF00297.22	2.6e-16	61.5
contig_3396_34	Ribosomal_L3	PF00297.22	2.5e-15	58.3
contig_2305_4	Ribosomal_L3	PF00297.22	8e-15	56.6
contig_2729_1	Ribosomal_L3	PF00297.22	1.9e-14	55.4
contig_1152_11	Ribosomal_L3	PF00297.22	2.1e-14	55.2
contig_3382_66	Ribosomal_L3	PF00297.22	2.2e-13	51.9
contig_1086_7	Ribosomal_L3	PF00297.22	1.4e-12	49.2
contig_2058_302	Ribosomal_L3	PF00297.22	1.7e-12	48.9
contig_1983_11	Ribosomal_L3	PF00297.22	9.3e-12	46.5
contig_1197_6	Ribosomal_L32p	PF01783.23	5.4e-28	98.9
contig_3395_24	Ribosomal_L32p	PF01783.23	6.5e-28	98.6
contig_1155_91	Ribosomal_L32p	PF01783.23	1.1e-27	97.9
contig_1316_3	Ribosomal_L32p	PF01783.23	1.6e-25	91.0
contig_2069_13	Ribosomal_L32p	PF01783.23	4e-25	89.7
contig_398_172	Ribosomal_L32p	PF01783.23	5e-25	89.4
contig_986_124	Ribosomal_L32p	PF01783.23	6.7e-25	89.0
contig_338_21	Ribosomal_L32p	PF01783.23	2.3e-24	87.3
contig_3370_114	Ribosomal_L32p	PF01783.23	4.9e-24	86.2
contig_1409_18	Ribosomal_L32p	PF01783.23	1.5e-23	84.7
contig_234_20	Ribosomal_L32p	PF01783.23	2.2e-23	84.1
contig_2088_33	Ribosomal_L32p	PF01783.23	4.7e-23	83.1
contig_235_2	Ribosomal_L32p	PF01783.23	5.1e-23	82.9
contig_1958_6	Ribosomal_L32p	PF01783.23	8.4e-22	79.1
contig_1872_1	Ribosomal_L32p	PF01783.23	4.7e-21	76.7
contig_1264_236	Ribosomal_L32p	PF01783.23	4.7e-20	73.5
contig_948_113	Ribosomal_L32p	PF01783.23	2.4e-16	61.6
contig_720_3	Ribosomal_L35p	PF01632.19	1.1e-27	98.2
contig_746_34	Ribosomal_L35p	PF01632.19	3.1e-26	93.5
contig_933_4	Ribosomal_L35p	PF01632.19	3.8e-26	93.2
contig_1107_41	Ribosomal_L35p	PF01632.19	3.9e-26	93.2
contig_1963_2	Ribosomal_L35p	PF01632.19	4e-26	93.2
contig_194_182	Ribosomal_L35p	PF01632.19	6.9e-26	92.4
contig_1087_23	Ribosomal_L35p	PF01632.19	9.5e-25	88.7
contig_3202_8	Ribosomal_L35p	PF01632.19	1.5e-24	88.1
contig_1262_318	Ribosomal_L35p	PF01632.19	8.9e-24	85.6
contig_422_673	Ribosomal_L35p	PF01632.19	2.7e-22	80.9
contig_836_5	Ribosomal_L35p	PF01632.19	1.3e-21	78.7
contig_3324_9	Ribosomal_L35p	PF01632.19	1.1e-20	75.7
contig_3400_2	Ribosomal_L35p	PF01632.19	7.8e-20	73.0
contig_1935_6	Ribosomal_L35p	PF01632.19	2.1e-19	71.6
contig_1412_6	Ribosomal_L35p	PF01632.19	4.8e-19	70.5
contig_670_13	Ribosomal_L35p	PF01632.19	1.5e-18	68.9
contig_544_148	Ribosomal_L35p	PF01632.19	3e-18	67.9
contig_985_116	Ribosomal_L35p	PF01632.19	1.1e-14	56.5
contig_1872_91	Ribosomal_L35p	PF01632.19	2.5e-14	55.4
contig_3135_4	Ribosomal_L4	PF00573.22	7.1e-76	256.1
contig_1983_12	Ribosomal_L4	PF00573.22	3.2e-74	250.7
contig_241_581	Ribosomal_L4	PF00573.22	1.1e-71	242.4
contig_3382_67	Ribosomal_L4	PF00573.22	3.2e-71	240.9
contig_341_37	Ribosomal_L4	PF00573.22	6.3e-71	239.9
contig_1645_25	Ribosomal_L4	PF00573.22	9.9e-71	239.3
contig_3297_80	Ribosomal_L4	PF00573.22	5.5e-70	236.9
contig_3448_6	Ribosomal_L4	PF00573.22	3.8e-68	230.9
contig_1_224	Ribosomal_L4	PF00573.22	7.2e-68	230.0
contig_381_246	Ribosomal_L4	PF00573.22	8e-68	229.8
contig_1009_7	Ribosomal_L4	PF00573.22	8.2e-68	229.8
contig_3519_4	Ribosomal_L4	PF00573.22	1.5e-67	228.9
contig_1152_12	Ribosomal_L4	PF00573.22	6.9e-62	210.5
contig_2058_303	Ribosomal_L4	PF00573.22	3.8e-61	208.0
contig_546_48	Ribosomal_L4	PF00573.22	7.7e-61	207.0
contig_3396_33	Ribosomal_L4	PF00573.22	7.8e-61	207.0
contig_2729_2	Ribosomal_L4	PF00573.22	4e-60	204.7
contig_1262_376	Ribosomal_L4	PF00573.22	5.5e-59	201.0
contig_986_63	Ribosomal_L4	PF00573.22	1.8e-58	199.3
contig_2305_5	Ribosomal_L4	PF00573.22	1e-56	193.6
contig_1086_6	Ribosomal_L4	PF00573.22	4.4e-56	191.5
contig_2220_48	Ribosomal_L4	PF00573.22	1.2e-53	183.6
contig_1708_679	Ribosomal_L4	PF00573.22	7.7e-50	171.1
contig_866_94	Ribosomal_L4	PF00573.22	6.7e-48	164.8
contig_839_1004	Ribosomal_L4	PF00573.22	1.4e-29	105.1
contig_2927_1	Ribosomal_L4	PF00573.22	3.8e-22	80.8
contig_839_1003	Ribosomal_L4	PF00573.22	2.7e-14	55.2
contig_3382_81	Ribosomal_L6	PF00347.23	6.6e-45	153.5
contig_241_568	Ribosomal_L6	PF00347.23	2.5e-43	148.5
contig_636_18	Ribosomal_L6	PF00347.23	4.4e-41	141.3
contig_341_23	Ribosomal_L6	PF00347.23	5.5e-41	141.0
contig_1_238	Ribosomal_L6	PF00347.23	1.3e-40	139.8
contig_381_233	Ribosomal_L6	PF00347.23	3.7e-40	138.3
contig_1019_43	Ribosomal_L6	PF00347.23	4.2e-40	138.1
contig_1009_21	Ribosomal_L6	PF00347.23	8.8e-40	137.1
contig_986_77	Ribosomal_L6	PF00347.23	1.1e-39	136.8
contig_1645_11	Ribosomal_L6	PF00347.23	3.6e-39	135.2
contig_2058_317	Ribosomal_L6	PF00347.23	1.5e-38	133.2
contig_3519_18	Ribosomal_L6	PF00347.23	1.5e-37	129.9
contig_3396_19	Ribosomal_L6	PF00347.23	4.2e-37	128.5
contig_1983_25	Ribosomal_L6	PF00347.23	5.2e-37	128.2
contig_1262_362	Ribosomal_L6	PF00347.23	9.2e-36	124.2
contig_2885_2	Ribosomal_L6	PF00347.23	1.8e-35	123.3
contig_3297_66	Ribosomal_L6	PF00347.23	2.1e-35	123.1
contig_1708_695	Ribosomal_L6	PF00347.23	1e-34	120.9
contig_866_110	Ribosomal_L6	PF00347.23	4.6e-32	112.4
contig_2220_62	Ribosomal_L6	PF00347.23	3.3e-26	93.6
contig_546_35	Ribosomal_L6	PF00347.23	5.3e-24	86.5
contig_839_986	Ribosomal_L6	PF00347.23	6e-23	83.2
contig_636_19	Ribosomal_L6	PF00347.23	1.5e-10	43.4
contig_1882_5	Ribosomal_L9_C	PF03948.14	3.8e-32	112.5
contig_382_211	Ribosomal_L9_C	PF03948.14	1.3e-30	107.5
contig_3123_2	Ribosomal_L9_C	PF03948.14	6.9e-30	105.2
contig_1_87	Ribosomal_L9_C	PF03948.14	3.3e-29	103.0
contig_1910_37	Ribosomal_L9_C	PF03948.14	3.7e-29	102.9
contig_3241_90	Ribosomal_L9_C	PF03948.14	1.4e-28	101.0
contig_2244_7	Ribosomal_L9_C	PF03948.14	2.2e-28	100.4
contig_3416_27	Ribosomal_L9_C	PF03948.14	2.4e-28	100.3
contig_797_159	Ribosomal_L9_C	PF03948.14	3.2e-28	99.9
contig_1993_2	Ribosomal_L9_C	PF03948.14	1.8e-26	94.3
contig_3297_181	Ribosomal_L9_C	PF03948.14	2.6e-26	93.8
contig_765_5	Ribosomal_L9_C	PF03948.14	4e-26	93.2
contig_2555_2	Ribosomal_L9_C	PF03948.14	9.7e-26	91.9
contig_1872_113	Ribosomal_L9_C	PF03948.14	1e-25	91.8
contig_1529_10	Ribosomal_L9_C	PF03948.14	5.3e-25	89.6
contig_537_57	Ribosomal_L9_C	PF03948.14	1.8e-24	87.9
contig_2460_124	Ribosomal_L9_C	PF03948.14	7.6e-24	85.9
contig_1262_113	Ribosomal_L9_C	PF03948.14	2e-23	84.5
contig_1338_38	Ribosomal_L9_C	PF03948.14	1.1e-22	82.1
contig_2865_2	Ribosomal_L9_C	PF03948.14	1.1e-22	82.1
contig_3550_17	Ribosomal_L9_C	PF03948.14	1e-21	79.0
contig_3428_29	Ribosomal_L9_C	PF03948.14	2.3e-20	74.7
contig_986_61	Ribosomal_S10	PF00338.22	2.2e-38	132.3
contig_1086_8	Ribosomal_S10	PF00338.22	2.4e-38	132.2
contig_1009_5	Ribosomal_S10	PF00338.22	5.8e-38	130.9
contig_1645_27	Ribosomal_S10	PF00338.22	1e-37	130.2
contig_1_222	Ribosomal_S10	PF00338.22	1.5e-37	129.6
contig_381_248	Ribosomal_S10	PF00338.22	1.6e-37	129.5
contig_241_583	Ribosomal_S10	PF00338.22	1.9e-37	129.3
contig_2058_301	Ribosomal_S10	PF00338.22	5.9e-37	127.7
contig_3382_65	Ribosomal_S10	PF00338.22	7.1e-37	127.4
contig_2220_46	Ribosomal_S10	PF00338.22	8.5e-37	127.2
contig_635_2	Ribosomal_S10	PF00338.22	1e-36	126.9
contig_3396_35	Ribosomal_S10	PF00338.22	1.4e-36	126.5
contig_1152_10	Ribosomal_S10	PF00338.22	7.6e-36	124.1
contig_3297_82	Ribosomal_S10	PF00338.22	3.1e-35	122.2
contig_3135_6	Ribosomal_S10	PF00338.22	4.7e-35	121.6
contig_3519_2	Ribosomal_S10	PF00338.22	2.3e-32	113.0
contig_3448_8	Ribosomal_S10	PF00338.22	5.4e-32	111.8
contig_546_50	Ribosomal_S10	PF00338.22	1.1e-31	110.7
contig_1262_378	Ribosomal_S10	PF00338.22	1.9e-31	110.0
contig_2305_3	Ribosomal_S10	PF00338.22	3.2e-30	106.1
contig_341_39	Ribosomal_S10	PF00338.22	5.5e-30	105.4
contig_650_57	Ribosomal_S10	PF00338.22	2.6e-27	96.8
contig_3368_151	Ribosomal_S10	PF00338.22	8.2e-26	92.0
contig_1983_10	Ribosomal_S10	PF00338.22	4.6e-24	86.4
contig_921_51	Ribosomal_S10	PF00338.22	4.2e-23	83.3
contig_381_221	Ribosomal_S11	PF00411.19	1.8e-51	175.0
contig_1983_36	Ribosomal_S11	PF00411.19	4.7e-51	173.7
contig_3382_93	Ribosomal_S11	PF00411.19	1.1e-50	172.6
contig_341_11	Ribosomal_S11	PF00411.19	1.8e-50	171.8
contig_636_6	Ribosomal_S11	PF00411.19	1.8e-50	171.8
contig_3519_27	Ribosomal_S11	PF00411.19	5.2e-50	170.3
contig_1019_32	Ribosomal_S11	PF00411.19	7.1e-50	169.9
contig_1_249	Ribosomal_S11	PF00411.19	7.4e-50	169.8
contig_2533_6	Ribosomal_S11	PF00411.19	9.2e-50	169.5
contig_2058_325	Ribosomal_S11	PF00411.19	9.3e-50	169.5
contig_3396_8	Ribosomal_S11	PF00411.19	3.6e-49	167.6
contig_3297_55	Ribosomal_S11	PF00411.19	1.6e-48	165.6
contig_1913_14	Ribosomal_S11	PF00411.19	1.8e-48	165.3
contig_1009_33	Ribosomal_S11	PF00411.19	1e-47	163.0
contig_987_7	Ribosomal_S11	PF00411.19	1.6e-47	162.3
contig_241_557	Ribosomal_S11	PF00411.19	7.8e-47	160.1
contig_866_126	Ribosomal_S11	PF00411.19	9.2e-46	156.7
contig_2220_72	Ribosomal_S11	PF00411.19	3.1e-44	151.8
contig_1708_712	Ribosomal_S11	PF00411.19	3.4e-44	151.6
contig_1262_352	Ribosomal_S11	PF00411.19	3.9e-43	148.2
contig_986_87	Ribosomal_S11	PF00411.19	6.6e-39	134.6
contig_839_965	Ribosomal_S11	PF00411.19	2.6e-31	110.1
contig_2444_8	Ribosomal_S11	PF00411.19	1.9e-19	72.0
contig_1708_710	Ribosomal_S13	PF00416.22	9.6e-43	147.5
contig_866_124	Ribosomal_S13	PF00416.22	3.5e-42	145.7
contig_839_967	Ribosomal_S13	PF00416.22	8.7e-42	144.4
contig_1009_32	Ribosomal_S13	PF00416.22	1.3e-36	127.6
contig_1983_35	Ribosomal_S13	PF00416.22	2.4e-36	126.8
contig_3297_56	Ribosomal_S13	PF00416.22	2e-35	123.9
contig_3382_92	Ribosomal_S13	PF00416.22	2.4e-35	123.6
contig_241_558	Ribosomal_S13	PF00416.22	4.5e-35	122.7
contig_1_248	Ribosomal_S13	PF00416.22	5.1e-35	122.5
contig_2533_7	Ribosomal_S13	PF00416.22	8.7e-35	121.8
contig_1262_353	Ribosomal_S13	PF00416.22	9.5e-35	121.7
contig_3396_9	Ribosomal_S13	PF00416.22	1.3e-34	121.2
contig_381_222	Ribosomal_S13	PF00416.22	1.4e-34	121.1
contig_1019_33	Ribosomal_S13	PF00416.22	2.3e-34	120.4
contig_2444_7	Ribosomal_S13	PF00416.22	2.9e-34	120.1
contig_3519_26	Ribosomal_S13	PF00416.22	7.4e-34	118.8
contig_2220_71	Ribosomal_S13	PF00416.22	1.4e-33	117.9
contig_546_27	Ribosomal_S13	PF00416.22	1.5e-33	117.8
contig_636_7	Ribosomal_S13	PF00416.22	3.3e-33	116.7
contig_341_12	Ribosomal_S13	PF00416.22	5.6e-33	115.9
contig_987_6	Ribosomal_S13	PF00416.22	8.5e-33	115.4
contig_986_86	Ribosomal_S13	PF00416.22	3.7e-32	113.3
contig_2058_324	Ribosomal_S13	PF00416.22	3.7e-31	110.1
contig_1645_1	Ribosomal_S13	PF00416.22	7.5e-26	92.9
contig_1913_15	Ribosomal_S13	PF00416.22	3.4e-24	87.5
contig_422_57	Ribosomal_S15	PF00312.22	2.4e-39	135.3
contig_3429_8	Ribosomal_S15	PF00312.22	2.7e-39	135.1
contig_1787_15	Ribosomal_S15	PF00312.22	3.5e-39	134.7
contig_338_109	Ribosomal_S15	PF00312.22	5.2e-39	134.2
contig_1435_16	Ribosomal_S15	PF00312.22	1.1e-38	133.1
contig_234_109	Ribosomal_S15	PF00312.22	1.2e-38	133.1
contig_3380_18	Ribosomal_S15	PF00312.22	1.3e-38	132.9
contig_398_291	Ribosomal_S15	PF00312.22	1.4e-38	132.8
contig_557_54	Ribosomal_S15	PF00312.22	1.8e-38	132.5
contig_943_12	Ribosomal_S15	PF00312.22	2.1e-38	132.3
contig_2825_3	Ribosomal_S15	PF00312.22	2.3e-38	132.1
contig_2428_16	Ribosomal_S15	PF00312.22	2.4e-38	132.1
contig_3341_15	Ribosomal_S15	PF00312.22	3e-38	131.7
contig_1872_220	Ribosomal_S15	PF00312.22	3.7e-38	131.5
contig_506_183	Ribosomal_S15	PF00312.22	1.5e-37	129.5
contig_843_42	Ribosomal_S15	PF00312.22	3e-37	128.5
contig_1808_1	Ribosomal_S15	PF00312.22	2.8e-36	125.5
contig_3338_114	Ribosomal_S15	PF00312.22	1.6e-35	123.0
contig_860_7	Ribosomal_S15	PF00312.22	3.1e-35	122.1
contig_3337_23	Ribosomal_S15	PF00312.22	9.1e-34	117.4
contig_693_5	Ribosomal_S15	PF00312.22	2.4e-33	116.1
contig_1643_45	Ribosomal_S15	PF00312.22	3.3e-28	99.6
contig_1181_107	Ribosomal_S15	PF00312.22	4e-17	64.1
contig_993_150	Ribosomal_S15	PF00312.22	4e-17	64.1
contig_1708_203	Ribosomal_S15	PF00312.22	1e-16	62.8
contig_790_197	Ribosomal_S15	PF00312.22	1.6e-15	59.0
contig_2769_10	Ribosomal_S16	PF00886.19	7e-28	98.3
contig_1699_38	Ribosomal_S16	PF00886.19	3.2e-26	93.0
contig_3395_44	Ribosomal_S16	PF00886.19	1.3e-25	91.1
contig_506_118	Ribosomal_S16	PF00886.19	4.5e-25	89.4
contig_676_49	Ribosomal_S16	PF00886.19	4.9e-25	89.2
contig_234_33	Ribosomal_S16	PF00886.19	7.1e-25	88.7
contig_3428_10	Ribosomal_S16	PF00886.19	1e-24	88.2
contig_194_16	Ribosomal_S16	PF00886.19	1.2e-24	88.0
contig_3131_2	Ribosomal_S16	PF00886.19	2.4e-24	87.0
contig_1155_101	Ribosomal_S16	PF00886.19	5.4e-24	85.9
contig_2515_2	Ribosomal_S16	PF00886.19	6.3e-24	85.7
contig_398_186	Ribosomal_S16	PF00886.19	7.1e-24	85.5
contig_2195_8	Ribosomal_S16	PF00886.19	1.5e-23	84.5
contig_1872_187	Ribosomal_S16	PF00886.19	1.7e-23	84.3
contig_2227_23	Ribosomal_S16	PF00886.19	4e-22	79.9
contig_422_556	Ribosomal_S16	PF00886.19	4.2e-22	79.8
contig_545_43	Ribosomal_S16	PF00886.19	1.9e-21	77.7
contig_1575_64	Ribosomal_S16	PF00886.19	4.2e-21	76.6
contig_1020_57	Ribosomal_S16	PF00886.19	4.5e-21	76.5
contig_1645_17	Ribosomal_S17	PF00366.20	2e-34	119.4
contig_3396_25	Ribosomal_S17	PF00366.20	1e-33	117.1
contig_341_29	Ribosomal_S17	PF00366.20	1.8e-33	116.3
contig_1983_19	Ribosomal_S17	PF00366.20	1.1e-32	113.8
contig_1009_15	Ribosomal_S17	PF00366.20	1.2e-32	113.7
contig_3382_75	Ribosomal_S17	PF00366.20	1.4e-32	113.4
contig_1_232	Ribosomal_S17	PF00366.20	1.5e-32	113.3
contig_241_573	Ribosomal_S17	PF00366.20	1.1e-31	110.5
contig_381_238	Ribosomal_S17	PF00366.20	1.8e-31	109.9
contig_1262_368	Ribosomal_S17	PF00366.20	3e-31	109.2
contig_986_71	Ribosomal_S17	PF00366.20	7.2e-31	108.0
contig_2058_311	Ribosomal_S17	PF00366.20	9.9e-31	107.5
contig_3297_72	Ribosomal_S17	PF00366.20	3.2e-30	105.9
contig_1152_20	Ribosomal_S17	PF00366.20	9.3e-29	101.2
contig_3519_12	Ribosomal_S17	PF00366.20	2.7e-28	99.7
contig_866_103	Ribosomal_S17	PF00366.20	1.1e-27	97.8
contig_839_993	Ribosomal_S17	PF00366.20	1.1e-27	97.8
contig_2220_56	Ribosomal_S17	PF00366.20	1.3e-26	94.4
contig_546_40	Ribosomal_S17	PF00366.20	5.5e-26	92.3
contig_1708_688	Ribosomal_S17	PF00366.20	6.4e-26	92.1
contig_1009_10	Ribosomal_S19	PF00203.21	6.5e-38	130.4
contig_241_578	Ribosomal_S19	PF00203.21	1.3e-37	129.4
contig_3382_70	Ribosomal_S19	PF00203.21	2.7e-37	128.4
contig_3396_30	Ribosomal_S19	PF00203.21	3.2e-37	128.1
contig_3297_77	Ribosomal_S19	PF00203.21	4.5e-37	127.6
contig_1983_15	Ribosomal_S19	PF00203.21	1e-36	126.5
contig_986_66	Ribosomal_S19	PF00203.21	1.4e-36	126.1
contig_1_227	Ribosomal_S19	PF00203.21	5.1e-36	124.3
contig_381_243	Ribosomal_S19	PF00203.21	6.6e-36	123.9
contig_1086_3	Ribosomal_S19	PF00203.21	7.6e-36	123.7
contig_1645_22	Ribosomal_S19	PF00203.21	8.5e-36	123.6
contig_3448_3	Ribosomal_S19	PF00203.21	1.1e-35	123.2
contig_3519_7	Ribosomal_S19	PF00203.21	1.7e-35	122.6
contig_1262_373	Ribosomal_S19	PF00203.21	2.1e-35	122.3
contig_839_1000	Ribosomal_S19	PF00203.21	2.5e-35	122.1
contig_341_34	Ribosomal_S19	PF00203.21	3e-35	121.8
contig_2058_306	Ribosomal_S19	PF00203.21	1e-34	120.1
contig_2220_51	Ribosomal_S19	PF00203.21	1.1e-34	120.0
contig_546_45	Ribosomal_S19	PF00203.21	1.7e-34	119.4
contig_1708_682	Ribosomal_S19	PF00203.21	1.3e-32	113.4
contig_866_97	Ribosomal_S19	PF00203.21	1.4e-24	87.6
contig_2729_5	Ribosomal_S19	PF00203.21	1.2e-22	81.4
contig_1152_15	Ribosomal_S19	PF00203.21	5.8e-20	72.8
contig_3135_1	Ribosomal_S19	PF00203.21	7.1e-08	34.1
contig_422_536	Ribosomal_S2	PF00318.20	1.5e-103	346.5
contig_1369_3	Ribosomal_S2	PF00318.20	1.7e-102	343.1
contig_1155_174	Ribosomal_S2	PF00318.20	5.7e-102	341.4
contig_1725_5	Ribosomal_S2	PF00318.20	1.9e-101	339.7
contig_2653_14	Ribosomal_S2	PF00318.20	3.7e-101	338.7
contig_234_86	Ribosomal_S2	PF00318.20	4.6e-101	338.4
contig_194_165	Ribosomal_S2	PF00318.20	8.6e-101	337.5
contig_398_264	Ribosomal_S2	PF00318.20	9e-101	337.5
contig_2232_11	Ribosomal_S2	PF00318.20	1e-100	337.3
contig_2227_38	Ribosomal_S2	PF00318.20	1.9e-100	336.4
contig_506_159	Ribosomal_S2	PF00318.20	2.8e-100	335.9
contig_964_33	Ribosomal_S2	PF00318.20	1.5e-98	330.2
contig_3349_6	Ribosomal_S2	PF00318.20	2.8e-98	329.3
contig_509_51	Ribosomal_S2	PF00318.20	3.6e-98	329.0
contig_983_17	Ribosomal_S2	PF00318.20	6.8e-97	324.8
contig_1872_227	Ribosomal_S2	PF00318.20	4.2e-95	318.9
contig_2058_376	Ribosomal_S2	PF00318.20	7.4e-94	314.9
contig_1264_277	Ribosomal_S2	PF00318.20	2.6e-85	287.0
contig_1958_3	Ribosomal_S2	PF00318.20	2.1e-79	267.6
contig_1425_3	Ribosomal_S2	PF00318.20	2.1e-56	192.5
contig_748_6	Ribosomal_S2	PF00318.20	8.3e-30	105.5
contig_2033_4	Ribosomal_S2	PF00318.20	9.8e-30	105.3
contig_748_7	Ribosomal_S2	PF00318.20	1.5e-25	91.6
contig_1708_720	Ribosomal_S2	PF00318.20	5.6e-25	89.8
contig_866_133	Ribosomal_S2	PF00318.20	6.9e-25	89.4
contig_1491_1	Ribosomal_S2	PF00318.20	3e-21	77.5
contig_3370_1	Ribosomal_S2	PF00318.20	1.6e-20	75.2
contig_839_957	Ribosomal_S2	PF00318.20	1.4e-13	52.5
contig_2033_5	Ribosomal_S2	PF00318.20	8.1e-10	40.2
contig_1084_9	Ribosomal_S20p	PF01649.18	1.5e-28	101.1
contig_3342_6	Ribosomal_S20p	PF01649.18	1.7e-28	100.9
contig_373_333	Ribosomal_S20p	PF01649.18	2.5e-28	100.4
contig_3377_16	Ribosomal_S20p	PF01649.18	5.4e-28	99.3
contig_1287_2	Ribosomal_S20p	PF01649.18	1.4e-27	98.0
contig_795_4	Ribosomal_S20p	PF01649.18	7e-27	95.8
contig_2866_2	Ribosomal_S20p	PF01649.18	8.4e-27	95.5
contig_1289_35	Ribosomal_S20p	PF01649.18	9.3e-27	95.4
contig_241_86	Ribosomal_S20p	PF01649.18	1.5e-26	94.7
contig_1872_243	Ribosomal_S20p	PF01649.18	2.1e-26	94.2
contig_422_470	Ribosomal_S20p	PF01649.18	7.7e-26	92.4
contig_3429_12	Ribosomal_S20p	PF01649.18	1.6e-25	91.4
contig_649_39	Ribosomal_S20p	PF01649.18	2.3e-25	90.9
contig_393_22	Ribosomal_S20p	PF01649.18	6.7e-25	89.4
contig_3337_41	Ribosomal_S20p	PF01649.18	8.9e-25	89.0
contig_3338_169	Ribosomal_S20p	PF01649.18	1.1e-24	88.7
contig_2932_7	Ribosomal_S20p	PF01649.18	6.9e-24	86.2
contig_1644_176	Ribosomal_S20p	PF01649.18	7.2e-24	86.1
contig_2824_7	Ribosomal_S20p	PF01649.18	2.6e-22	81.1
contig_1529_14	Ribosomal_S6	PF01250.17	1.5e-31	110.3
contig_382_206	Ribosomal_S6	PF01250.17	2.2e-31	109.8
contig_1993_6	Ribosomal_S6	PF01250.17	3e-31	109.4
contig_797_163	Ribosomal_S6	PF01250.17	1.2e-30	107.5
contig_765_13	Ribosomal_S6	PF01250.17	1.3e-30	107.3
contig_2460_127	Ribosomal_S6	PF01250.17	3e-29	103.0
contig_1338_42	Ribosomal_S6	PF01250.17	4.9e-29	102.3
contig_2396_4	Ribosomal_S6	PF01250.17	5.3e-29	102.2
contig_3526_8	Ribosomal_S6	PF01250.17	5.5e-29	102.2
contig_2555_5	Ribosomal_S6	PF01250.17	3.2e-28	99.7
contig_3241_86	Ribosomal_S6	PF01250.17	3.3e-28	99.7
contig_1_83	Ribosomal_S6	PF01250.17	5.7e-28	98.9
contig_1536_26	Ribosomal_S6	PF01250.17	1.5e-27	97.6
contig_1262_111	Ribosomal_S6	PF01250.17	1.5e-27	97.5
contig_3296_22	Ribosomal_S6	PF01250.17	1.9e-27	97.2
contig_3550_22	Ribosomal_S6	PF01250.17	3.4e-27	96.4
contig_2560_2	Ribosomal_S6	PF01250.17	1.2e-26	94.7
contig_2865_6	Ribosomal_S6	PF01250.17	7.2e-26	92.2
contig_1743_15	Ribosomal_S6	PF01250.17	1e-25	91.7
contig_3297_185	Ribosomal_S6	PF01250.17	1.4e-25	91.2
contig_537_53	Ribosomal_S6	PF01250.17	7.9e-25	88.8
contig_1872_109	Ribosomal_S6	PF01250.17	1.4e-20	75.2
contig_1645_30	Ribosomal_S7	PF00177.21	2e-69	233.8
contig_1983_7	Ribosomal_S7	PF00177.21	2.9e-68	230.1
contig_1009_2	Ribosomal_S7	PF00177.21	4.2e-68	229.6
contig_3382_62	Ribosomal_S7	PF00177.21	1.7e-67	227.6
contig_341_43	Ribosomal_S7	PF00177.21	8.3e-67	225.4
contig_986_57	Ribosomal_S7	PF00177.21	8.5e-67	225.3
contig_1152_5	Ribosomal_S7	PF00177.21	1e-66	225.1
contig_3396_38	Ribosomal_S7	PF00177.21	2.4e-66	223.9
contig_1_219	Ribosomal_S7	PF00177.21	2.8e-66	223.6
contig_3135_12	Ribosomal_S7	PF00177.21	3.3e-66	223.4
contig_241_587	Ribosomal_S7	PF00177.21	3.3e-66	223.4
contig_2058_298	Ribosomal_S7	PF00177.21	1.2e-65	221.6
contig_381_252	Ribosomal_S7	PF00177.21	2.5e-65	220.5
contig_546_53	Ribosomal_S7	PF00177.21	6e-65	219.3
contig_679_15	Ribosomal_S7	PF00177.21	2.5e-64	217.3
contig_2138_2	Ribosomal_S7	PF00177.21	7.5e-64	215.8
contig_3448_32	Ribosomal_S7	PF00177.21	8.7e-64	215.6
contig_1086_14	Ribosomal_S7	PF00177.21	2.4e-63	214.1
contig_3297_85	Ribosomal_S7	PF00177.21	1.1e-62	212.0
contig_2178_2	Ribosomal_S7	PF00177.21	1.1e-61	208.7
contig_1262_380	Ribosomal_S7	PF00177.21	1.1e-58	199.1
contig_2220_43	Ribosomal_S7	PF00177.21	8.3e-57	192.9
contig_921_55	Ribosomal_S7	PF00177.21	7.2e-43	147.7
contig_3368_154	Ribosomal_S7	PF00177.21	8.2e-42	144.2
contig_650_50	Ribosomal_S7	PF00177.21	2.9e-39	136.0
contig_635_7	Ribosomal_S7	PF00177.21	3.3e-30	106.6
contig_635_6	Ribosomal_S7	PF00177.21	5e-20	73.6
contig_3396_20	Ribosomal_S8	PF00410.19	5.8e-55	186.5
contig_3382_80	Ribosomal_S8	PF00410.19	7.7e-55	186.1
contig_381_234	Ribosomal_S8	PF00410.19	2.6e-54	184.4
contig_1_237	Ribosomal_S8	PF00410.19	1.2e-53	182.3
contig_241_569	Ribosomal_S8	PF00410.19	4.2e-53	180.5
contig_3297_67	Ribosomal_S8	PF00410.19	6.7e-53	179.9
contig_1645_12	Ribosomal_S8	PF00410.19	1.3e-52	179.0
contig_1019_44	Ribosomal_S8	PF00410.19	1.4e-52	178.9
contig_1983_24	Ribosomal_S8	PF00410.19	4.2e-52	177.3
contig_546_36	Ribosomal_S8	PF00410.19	7.3e-52	176.5
contig_3519_17	Ribosomal_S8	PF00410.19	5.9e-51	173.6
contig_341_24	Ribosomal_S8	PF00410.19	6.3e-51	173.5
contig_1009_20	Ribosomal_S8	PF00410.19	6.6e-51	173.4
contig_986_76	Ribosomal_S8	PF00410.19	7.5e-49	166.8
contig_2058_316	Ribosomal_S8	PF00410.19	2e-47	162.2
contig_1262_363	Ribosomal_S8	PF00410.19	4.6e-47	161.0
contig_2885_1	Ribosomal_S8	PF00410.19	4e-46	158.0
contig_2220_61	Ribosomal_S8	PF00410.19	2.5e-42	145.7
contig_1708_694	Ribosomal_S8	PF00410.19	1.7e-28	101.0
contig_839_987	Ribosomal_S8	PF00410.19	2.1e-28	100.7
contig_866_109	Ribosomal_S8	PF00410.19	6.1e-28	99.2
contig_241_549	Ribosomal_S9	PF00380.19	8.3e-51	173.5
contig_3382_102	Ribosomal_S9	PF00380.19	2.9e-49	168.5
contig_341_5	Ribosomal_S9	PF00380.19	1.5e-48	166.2
contig_1009_48	Ribosomal_S9	PF00380.19	3.3e-48	165.1
contig_1913_5	Ribosomal_S9	PF00380.19	7.8e-48	163.9
contig_3519_36	Ribosomal_S9	PF00380.19	1.6e-47	162.9
contig_2596_140	Ribosomal_S9	PF00380.19	2.6e-47	162.2
contig_3394_3	Ribosomal_S9	PF00380.19	4e-47	161.6
contig_339_38	Ribosomal_S9	PF00380.19	5.4e-47	161.1
contig_546_18	Ribosomal_S9	PF00380.19	2.5e-46	159.0
contig_837_1	Ribosomal_S9	PF00380.19	2.9e-46	158.8
contig_1019_21	Ribosomal_S9	PF00380.19	8.1e-46	157.4
contig_1983_45	Ribosomal_S9	PF00380.19	1.1e-45	156.9
contig_2058_731	Ribosomal_S9	PF00380.19	2.5e-45	155.8
contig_986_93	Ribosomal_S9	PF00380.19	3.6e-44	152.0
contig_1397_42	Ribosomal_S9	PF00380.19	1.9e-43	149.7
contig_1264_278	Ribosomal_S9	PF00380.19	2.5e-42	146.1
contig_839_961	Ribosomal_S9	PF00380.19	8.7e-35	121.7
contig_866_129	Ribosomal_S9	PF00380.19	5.4e-34	119.2
contig_1708_716	Ribosomal_S9	PF00380.19	8.9e-33	115.3
contig_921_56	Ribosom_S12_S23	PF00164.25	1.8e-49	168.0
contig_650_48	Ribosom_S12_S23	PF00164.25	2e-49	167.8
contig_3368_155	Ribosom_S12_S23	PF00164.25	1.2e-48	165.3
contig_1262_381	Ribosom_S12_S23	PF00164.25	1e-43	149.4
contig_1645_31	Ribosom_S12_S23	PF00164.25	9.4e-43	146.3
contig_1086_15	Ribosom_S12_S23	PF00164.25	1.8e-42	145.5
contig_2220_42	Ribosom_S12_S23	PF00164.25	3e-42	144.7
contig_3297_86	Ribosom_S12_S23	PF00164.25	4.5e-42	144.2
contig_1983_6	Ribosom_S12_S23	PF00164.25	8.8e-42	143.2
contig_341_44	Ribosom_S12_S23	PF00164.25	9.8e-42	143.0
contig_3382_61	Ribosom_S12_S23	PF00164.25	9.9e-42	143.0
contig_635_8	Ribosom_S12_S23	PF00164.25	9.9e-42	143.0
contig_1152_4	Ribosom_S12_S23	PF00164.25	2.9e-41	141.5
contig_2058_297	Ribosom_S12_S23	PF00164.25	7e-41	140.3
contig_546_54	Ribosom_S12_S23	PF00164.25	1.2e-40	139.5
contig_2178_3	Ribosom_S12_S23	PF00164.25	2e-40	138.8
contig_1_218	Ribosom_S12_S23	PF00164.25	2.1e-40	138.8
contig_3396_39	Ribosom_S12_S23	PF00164.25	5.6e-40	137.4
contig_381_253	Ribosom_S12_S23	PF00164.25	2.8e-39	135.1
contig_986_56	Ribosom_S12_S23	PF00164.25	4.4e-39	134.5
contig_241_588	Ribosom_S12_S23	PF00164.25	6.8e-39	133.9
contig_1010_1	Ribosom_S12_S23	PF00164.25	5.1e-38	131.1
contig_3448_33	Ribosom_S12_S23	PF00164.25	8.1e-38	130.4
contig_679_16	Ribosom_S12_S23	PF00164.25	6.9e-37	127.4
contig_2138_3	Ribosom_S12_S23	PF00164.25	3e-28	99.6
contig_1913_12	RNA_pol_L	PF01193.24	7e-26	91.3
contig_986_89	RNA_pol_L	PF01193.24	2.2e-25	89.7
contig_546_25	RNA_pol_L	PF01193.24	2.5e-25	89.6
contig_3396_6	RNA_pol_L	PF01193.24	2.7e-25	89.4
contig_2556_6	RNA_pol_L	PF01193.24	3.1e-25	89.2
contig_3382_95	RNA_pol_L	PF01193.24	3.6e-25	89.1
contig_3519_29	RNA_pol_L	PF01193.24	1e-24	87.6
contig_1009_35	RNA_pol_L	PF01193.24	1.4e-24	87.1
contig_1_251	RNA_pol_L	PF01193.24	1.6e-24	86.9
contig_1983_38	RNA_pol_L	PF01193.24	5.9e-24	85.1
contig_241_556	RNA_pol_L	PF01193.24	3.4e-23	82.7
contig_381_219	RNA_pol_L	PF01193.24	8.6e-23	81.4
contig_341_9	RNA_pol_L	PF01193.24	3.2e-22	79.6
contig_636_3	RNA_pol_L	PF01193.24	3.4e-22	79.5
contig_1019_30	RNA_pol_L	PF01193.24	4.8e-22	79.0
contig_3111_4	RNA_pol_L	PF01193.24	6.4e-22	78.6
contig_2444_10	RNA_pol_L	PF01193.24	8.5e-22	78.2
contig_2533_5	RNA_pol_L	PF01193.24	9.5e-22	78.1
contig_2058_326	RNA_pol_L	PF01193.24	1.6e-21	77.4
contig_1262_350	RNA_pol_L	PF01193.24	4.2e-21	76.0
contig_987_8	RNA_pol_L	PF01193.24	4.4e-21	76.0
contig_3297_53	RNA_pol_L	PF01193.24	4.2e-19	69.6
contig_1708_713	RNA_pol_L	PF01193.24	2.1e-18	67.4
contig_839_964	RNA_pol_L	PF01193.24	1.4e-17	64.8
contig_866_127	RNA_pol_L	PF01193.24	2.9e-16	60.5
contig_2429_4	RNA_pol_L	PF01193.24	8.3e-11	43.0
contig_790_31	RNA_pol_L	PF01193.24	1.3e-06	29.5
contig_993_32	RNA_pol_L	PF01193.24	8.5e-06	27.0
contig_2220_74	RNA_pol_L	PF01193.24	0.00014	23.1
contig_1708_108	RNA_pol_L	PF01193.24	0.00024	22.3
contig_1155_58	RNA_pol_Rpb6	PF01192.22	2e-16	61.5
contig_798_43	RNA_pol_Rpb6	PF01192.22	2.9e-16	61.0
contig_1573_6	RNA_pol_Rpb6	PF01192.22	7.6e-16	59.6
contig_747_168	RNA_pol_Rpb6	PF01192.22	2.1e-15	58.2
contig_1164_4	RNA_pol_Rpb6	PF01192.22	2.3e-15	58.1
contig_545_78	RNA_pol_Rpb6	PF01192.22	4e-15	57.3
contig_1708_718	RNA_pol_Rpb6	PF01192.22	8.1e-15	56.3
contig_3008_101	RNA_pol_Rpb6	PF01192.22	8.7e-15	56.2
contig_422_428	RNA_pol_Rpb6	PF01192.22	2.4e-14	54.9
contig_1034_13	RNA_pol_Rpb6	PF01192.22	5.6e-14	53.6
contig_3257_20	RNA_pol_Rpb6	PF01192.22	1.2e-13	52.6
contig_398_136	RNA_pol_Rpb6	PF01192.22	1.2e-13	52.6
contig_839_959	RNA_pol_Rpb6	PF01192.22	3.7e-13	51.0
contig_2770_3	RNA_pol_Rpb6	PF01192.22	5.3e-13	50.5
contig_1575_31	RNA_pol_Rpb6	PF01192.22	5.9e-13	50.4
contig_2764_3	RNA_pol_Rpb6	PF01192.22	7.4e-13	50.1
contig_866_131	RNA_pol_Rpb6	PF01192.22	1.7e-12	48.9
contig_2338_57	RNA_pol_Rpb6	PF01192.22	1.4e-10	42.8
contig_194_196	RNA_pol_Rpb6	PF01192.22	3e-09	38.5
contig_1262_387	RNA_pol_Rpb6	PF01192.22	6.3e-09	37.5
contig_3369_1	RNA_pol_Rpb6	PF01192.22	3.8e-08	35.0
contig_234_89	RRF	PF01765.19	1.9e-67	228.2
contig_2653_17	RRF	PF01765.19	2.4e-66	224.6
contig_506_162	RRF	PF01765.19	2.3e-65	221.4
contig_1787_36	RRF	PF01765.19	2.8e-65	221.1
contig_1725_8	RRF	PF01765.19	3.4e-65	220.8
contig_1155_177	RRF	PF01765.19	8e-64	216.4
contig_3370_10	RRF	PF01765.19	1.6e-63	215.4
contig_194_168	RRF	PF01765.19	1.8e-63	215.2
contig_2227_41	RRF	PF01765.19	2e-63	215.0
contig_2232_14	RRF	PF01765.19	1.2e-62	212.5
contig_398_269	RRF	PF01765.19	1.3e-62	212.4
contig_1063_4	RRF	PF01765.19	9.2e-62	209.7
contig_1262_203	RRF	PF01765.19	1.2e-61	209.3
contig_847_98	RRF	PF01765.19	8.3e-60	203.3
contig_422_533	RRF	PF01765.19	1.2e-59	202.8
contig_964_30	RRF	PF01765.19	2.4e-59	201.8
contig_3325_9	RRF	PF01765.19	2.5e-59	201.7
contig_509_54	RRF	PF01765.19	1.7e-58	199.0
contig_3349_9	RRF	PF01765.19	3.4e-57	194.8
contig_2058_379	RRF	PF01765.19	1e-54	186.8
contig_1872_230	RRF	PF01765.19	3.5e-49	168.8
contig_2033_1	RRF	PF01765.19	7.6e-16	60.4
contig_503_3	RsfS	PF02410.15	2.8e-28	100.1
contig_3314_59	RsfS	PF02410.15	3.7e-28	99.7
contig_1622_3	RsfS	PF02410.15	5.1e-28	99.3
contig_3473_19	RsfS	PF02410.15	2.7e-27	97.0
contig_1465_3	RsfS	PF02410.15	5.2e-27	96.0
contig_1872_37	RsfS	PF02410.15	9.1e-27	95.3
contig_1091_11	RsfS	PF02410.15	1e-26	95.1
contig_1289_14	RsfS	PF02410.15	1e-26	95.1
contig_676_30	RsfS	PF02410.15	3.8e-26	93.3
contig_1264_139	RsfS	PF02410.15	1.5e-25	91.4
contig_1958_4	RsfS	PF02410.15	1.2e-24	88.4
contig_2346_3	RsfS	PF02410.15	4.2e-24	86.7
contig_422_476	RsfS	PF02410.15	7.4e-24	85.9
contig_338_188	RsfS	PF02410.15	2.6e-23	84.2
contig_3169_18	RsfS	PF02410.15	5.7e-23	83.1
contig_770_250	RsfS	PF02410.15	5.8e-23	83.1
contig_3565_56	RsfS	PF02410.15	8.2e-23	82.6
contig_799_5	RsfS	PF02410.15	9.2e-23	82.4
contig_3576_7	RsfS	PF02410.15	3.7e-22	80.5
contig_1338_45	RsfS	PF02410.15	4.5e-22	80.2
contig_241_100	RsfS	PF02410.15	3.1e-21	77.5
contig_1337_2	RsfS	PF02410.15	7.8e-19	69.8
contig_2137_2	RsfS	PF02410.15	5.5e-12	47.8
contig_2137_3	RsfS	PF02410.15	2.8e-10	42.4
contig_736_6	RuvX	PF03652.15	9.2e-47	160.7
contig_1391_3	RuvX	PF03652.15	9.1e-46	157.5
contig_241_24	RuvX	PF03652.15	5.9e-45	154.9
contig_810_20	RuvX	PF03652.15	9.3e-45	154.2
contig_1287_22	RuvX	PF03652.15	4e-44	152.2
contig_1162_36	RuvX	PF03652.15	4.5e-44	152.0
contig_812_4	RuvX	PF03652.15	5.8e-44	151.6
contig_809_3	RuvX	PF03652.15	6.2e-43	148.3
contig_422_132	RuvX	PF03652.15	1e-41	144.4
contig_458_6	RuvX	PF03652.15	2.6e-41	143.0
contig_378_33	RuvX	PF03652.15	7e-39	135.2
contig_2874_6	RuvX	PF03652.15	1.2e-38	134.4
contig_3529_10	RuvX	PF03652.15	1.8e-36	127.4
contig_3324_71	RuvX	PF03652.15	2.6e-36	126.9
contig_1686_109	RuvX	PF03652.15	2.4e-35	123.7
contig_1536_131	RuvX	PF03652.15	4.1e-35	123.0
contig_2839_2	RuvX	PF03652.15	6.9e-35	122.3
contig_1262_555	RuvX	PF03652.15	4.3e-33	116.4
contig_1872_256	RuvX	PF03652.15	1.2e-26	95.5
contig_1311_4	RuvX	PF03652.15	2.9e-19	71.7
contig_241_218	RuvX	PF03652.15	1.2e-08	37.4
contig_2753_4	RuvX	PF03652.15	1.7e-08	36.8
contig_422_791	RuvX	PF03652.15	2.1e-08	36.5
contig_3557_46	RuvX	PF03652.15	1.6e-06	30.5
contig_3423_30	SecE	PF00584.20	3.8e-22	79.8
contig_241_599	SecE	PF00584.20	8.1e-22	78.8
contig_1010_11	SecE	PF00584.20	1.6e-20	74.6
contig_381_263	SecE	PF00584.20	3.2e-20	73.7
contig_3382_50	SecE	PF00584.20	7.3e-19	69.3
contig_633_236	SecE	PF00584.20	1.6e-18	68.2
contig_2058_285	SecE	PF00584.20	2e-18	67.9
contig_985_112	SecE	PF00584.20	2.1e-18	67.8
contig_1_205	SecE	PF00584.20	5.5e-18	66.5
contig_3478_37	SecE	PF00584.20	2.2e-17	64.6
contig_546_68	SecE	PF00584.20	6.6e-17	63.1
contig_635_17	SecE	PF00584.20	2.3e-16	61.3
contig_341_57	SecE	PF00584.20	7.4e-16	59.7
contig_1697_2	SecE	PF00584.20	9.4e-15	56.2
contig_2252_2	SecE	PF00584.20	2.5e-14	54.8
contig_1708_451	SecE	PF00584.20	9.1e-11	43.4
contig_803_154	SecE	PF00584.20	5.3e-08	34.5
contig_993_379	SecE	PF00584.20	5.8e-07	31.2
contig_1170_11	SecG	PF03840.14	1.8e-21	77.8
contig_1321_16	SecG	PF03840.14	7.1e-21	75.9
contig_747_86	SecG	PF03840.14	3.1e-20	73.9
contig_761_83	SecG	PF03840.14	5.3e-20	73.1
contig_241_451	SecG	PF03840.14	1.3e-19	71.8
contig_1_289	SecG	PF03840.14	2.7e-19	70.8
contig_1137_7	SecG	PF03840.14	4.2e-19	70.3
contig_3282_4	SecG	PF03840.14	8e-19	69.4
contig_448_14	SecG	PF03840.14	1.4e-17	65.3
contig_1412_43	SecG	PF03840.14	1.9e-17	65.0
contig_107_85	SecG	PF03840.14	5.3e-17	63.5
contig_2058_399	SecG	PF03840.14	7.7e-17	63.0
contig_432_37	SecG	PF03840.14	8.4e-17	62.9
contig_557_184	SecG	PF03840.14	1.6e-16	62.0
contig_1921_34	SecG	PF03840.14	1.8e-15	58.6
contig_847_36	SecG	PF03840.14	7.2e-15	56.7
contig_1262_278	SecG	PF03840.14	6.9e-14	53.5
contig_2596_137	SecG	PF03840.14	7.8e-14	53.4
contig_1257_5	SecG	PF03840.14	5.7e-13	50.6
contig_1872_219	SecG	PF03840.14	1.2e-11	46.4
contig_3382_86	SecY	PF00344.20	1.1e-122	411.1
contig_3396_14	SecY	PF00344.20	1.3e-121	407.5
contig_1009_26	SecY	PF00344.20	9.6e-121	404.6
contig_1645_7	SecY	PF00344.20	6.7e-117	392.0
contig_241_563	SecY	PF00344.20	9.1e-117	391.6
contig_1_243	SecY	PF00344.20	1.4e-116	391.0
contig_381_228	SecY	PF00344.20	3.3e-115	386.4
contig_2058_322	SecY	PF00344.20	5.8e-115	385.7
contig_546_31	SecY	PF00344.20	1e-114	384.8
contig_3297_61	SecY	PF00344.20	1.6e-114	384.2
contig_987_4	SecY	PF00344.20	6.2e-112	375.7
contig_3519_22	SecY	PF00344.20	1.3e-111	374.6
contig_1262_357	SecY	PF00344.20	1.6e-111	374.4
contig_1019_38	SecY	PF00344.20	3.1e-111	373.4
contig_2533_12	SecY	PF00344.20	2.4e-103	347.5
contig_2220_66	SecY	PF00344.20	2.1e-100	337.8
contig_986_82	SecY	PF00344.20	3e-99	334.1
contig_341_18	SecY	PF00344.20	1.3e-88	299.1
contig_1708_702	SecY	PF00344.20	2.3e-70	239.2
contig_839_977	SecY	PF00344.20	3.2e-69	235.4
contig_866_117	SecY	PF00344.20	2e-68	232.8
contig_2444_3	SecY	PF00344.20	1.6e-66	226.5
contig_1983_30	SecY	PF00344.20	4.6e-54	185.7
contig_636_13	SecY	PF00344.20	1.3e-39	138.2
contig_2444_2	SecY	PF00344.20	1.1e-33	118.7
contig_1983_31	SecY	PF00344.20	1.3e-28	102.1
contig_3127_1	SecY	PF00344.20	1.3e-22	82.4
contig_341_19	SecY	PF00344.20	5.8e-19	70.4
contig_636_14	SecY	PF00344.20	3.7e-18	67.7
contig_432_39	SmpB	PF01668.18	6e-66	222.6
contig_448_12	SmpB	PF01668.18	6e-66	222.6
contig_2243_19	SmpB	PF01668.18	9.6e-66	222.0
contig_1_292	SmpB	PF01668.18	1.7e-64	218.0
contig_241_450	SmpB	PF01668.18	2.7e-64	217.3
contig_761_90	SmpB	PF01668.18	6e-64	216.2
contig_964_79	SmpB	PF01668.18	1.5e-63	214.8
contig_381_456	SmpB	PF01668.18	2e-63	214.5
contig_2919_3	SmpB	PF01668.18	8.4e-63	212.4
contig_747_90	SmpB	PF01668.18	2e-62	211.2
contig_1170_13	SmpB	PF01668.18	6.5e-62	209.6
contig_3282_3	SmpB	PF01668.18	1.7e-61	208.2
contig_531_12	SmpB	PF01668.18	2.6e-61	207.6
contig_1321_18	SmpB	PF01668.18	5.9e-61	206.4
contig_1412_40	SmpB	PF01668.18	9.3e-61	205.8
contig_557_181	SmpB	PF01668.18	8.8e-60	202.6
contig_1644_216	SmpB	PF01668.18	1.1e-59	202.3
contig_1397_29	SmpB	PF01668.18	7e-59	199.7
contig_1536_173	SmpB	PF01668.18	1.1e-58	199.0
contig_3008_103	SmpB	PF01668.18	1.3e-58	198.9
contig_792_1	SmpB	PF01668.18	8.4e-58	196.2
contig_107_87	SmpB	PF01668.18	1.4e-56	192.2
contig_2688_29	SmpB	PF01668.18	1.5e-36	127.3
contig_2685_14	tRNA-synt_1d	PF00750.19	8.4e-95	319.6
contig_1442_19	tRNA-synt_1d	PF00750.19	7.8e-88	296.6
contig_2767_2	tRNA-synt_1d	PF00750.19	7.6e-87	293.4
contig_1264_143	tRNA-synt_1d	PF00750.19	6e-53	181.9
contig_1181_126	tRNA-synt_1d	PF00750.19	1.5e-41	144.5
contig_790_169	tRNA-synt_1d	PF00750.19	2.5e-41	143.7
contig_107_55	tRNA-synt_1d	PF00750.19	2.4e-40	140.5
contig_1708_225	tRNA-synt_1d	PF00750.19	2.2e-37	130.7
contig_720_64	tRNA-synt_1d	PF00750.19	1.3e-29	105.2
contig_537_84	tRNA-synt_1d	PF00750.19	2.4e-29	104.3
contig_3297_188	tRNA-synt_1d	PF00750.19	3.7e-26	93.8
contig_2199_34	tRNA-synt_1d	PF00750.19	8.4e-26	92.7
contig_125_37	tRNA-synt_1d	PF00750.19	2e-22	81.6
contig_381_297	tRNA-synt_1d	PF00750.19	8.2e-22	79.5
contig_1376_8	tRNA-synt_1d	PF00750.19	1.1e-21	79.1
contig_993_132	tRNA-synt_1d	PF00750.19	3e-21	77.7
contig_2058_637	tRNA-synt_1d	PF00750.19	2.1e-20	74.9
contig_373_80	tRNA-synt_1d	PF00750.19	1.8e-19	71.8
contig_1536_237	tRNA-synt_1d	PF00750.19	3.3e-14	54.5
contig_993_131	tRNA-synt_1d	PF00750.19	3.4e-13	51.2
contig_879_1	tRNA-synt_1d	PF00750.19	3.8e-13	51.0
contig_1872_140	tRNA-synt_1d	PF00750.19	2.6e-11	45.0
contig_1890_3	tRNA-synt_1d	PF00750.19	8.5e-09	36.7
contig_2425_19	tRNA-synt_1d	PF00750.19	3e-05	25.1
contig_1155_104	tRNA_m1G_MT	PF01746.21	9.6e-71	239.4
contig_398_189	tRNA_m1G_MT	PF01746.21	8e-69	233.1
contig_1699_41	tRNA_m1G_MT	PF01746.21	9.5e-69	232.9
contig_3395_47	tRNA_m1G_MT	PF01746.21	1.6e-68	232.2
contig_194_19	tRNA_m1G_MT	PF01746.21	8.5e-68	229.8
contig_2227_26	tRNA_m1G_MT	PF01746.21	4.7e-66	224.1
contig_2515_5	tRNA_m1G_MT	PF01746.21	5.8e-66	223.8
contig_847_39	tRNA_m1G_MT	PF01746.21	7.5e-65	220.2
contig_422_553	tRNA_m1G_MT	PF01746.21	1.6e-64	219.1
contig_234_36	tRNA_m1G_MT	PF01746.21	7e-64	217.0
contig_545_41	tRNA_m1G_MT	PF01746.21	1.6e-63	215.8
contig_1020_53	tRNA_m1G_MT	PF01746.21	2.7e-63	215.1
contig_2195_11	tRNA_m1G_MT	PF01746.21	1.4e-62	212.8
contig_1264_294	tRNA_m1G_MT	PF01746.21	5.9e-61	207.5
contig_506_122	tRNA_m1G_MT	PF01746.21	4.3e-60	204.7
contig_2769_13	tRNA_m1G_MT	PF01746.21	3.7e-59	201.6
contig_1872_190	tRNA_m1G_MT	PF01746.21	3e-51	175.8
contig_1575_67	tRNA_m1G_MT	PF01746.21	5.1e-51	175.1
contig_634_7	tRNA_m1G_MT	PF01746.21	1.7e-43	150.5
contig_2823_5	tRNA_m1G_MT	PF01746.21	1.4e-17	65.9
contig_3503_9	TsaE	PF02367.17	9.6e-37	127.6
contig_3328_6	TsaE	PF02367.17	4.1e-36	125.6
contig_2690_43	TsaE	PF02367.17	6.2e-36	125.0
contig_742_35	TsaE	PF02367.17	1.8e-35	123.5
contig_2036_25	TsaE	PF02367.17	9.1e-35	121.3
contig_847_217	TsaE	PF02367.17	2.5e-34	119.8
contig_406_214	TsaE	PF02367.17	3.1e-34	119.5
contig_711_27	TsaE	PF02367.17	3.5e-34	119.4
contig_241_146	TsaE	PF02367.17	3.6e-34	119.3
contig_422_777	TsaE	PF02367.17	1.2e-33	117.6
contig_3073_8	TsaE	PF02367.17	5.3e-33	115.6
contig_1920_17	TsaE	PF02367.17	1.1e-32	114.6
contig_1264_89	TsaE	PF02367.17	2e-30	107.2
contig_805_38	TsaE	PF02367.17	5.4e-30	105.8
contig_537_197	TsaE	PF02367.17	5.3e-29	102.6
contig_1872_125	TsaE	PF02367.17	3.3e-28	100.1
contig_1_259	TsaE	PF02367.17	3.9e-28	99.8
contig_948_6	TsaE	PF02367.17	6.9e-28	99.0
contig_1146_5	TsaE	PF02367.17	5.1e-27	96.2
contig_3268_4	TsaE	PF02367.17	6.4e-06	28.1
contig_339_9	TsaE	PF02367.17	1.4e-05	26.9
contig_1699_68	UPF0054	PF02130.17	1.1e-48	166.1
contig_1401_8	UPF0054	PF02130.17	3.2e-45	154.9
contig_1704_3	UPF0054	PF02130.17	9.1e-45	153.5
contig_404_58	UPF0054	PF02130.17	2.1e-44	152.3
contig_2041_33	UPF0054	PF02130.17	7.1e-44	150.6
contig_1076_4	UPF0054	PF02130.17	1.4e-43	149.6
contig_1289_56	UPF0054	PF02130.17	8.2e-43	147.2
contig_1_443	UPF0054	PF02130.17	1.3e-41	143.3
contig_2116_23	UPF0054	PF02130.17	3.2e-41	142.0
contig_3337_11	UPF0054	PF02130.17	2.5e-40	139.1
contig_241_62	UPF0054	PF02130.17	7.7e-40	137.5
contig_557_204	UPF0054	PF02130.17	4.4e-38	131.9
contig_3063_15	UPF0054	PF02130.17	1.3e-37	130.4
contig_3203_7	UPF0054	PF02130.17	1.5e-37	130.2
contig_2015_10	UPF0054	PF02130.17	1.8e-37	129.9
contig_422_448	UPF0054	PF02130.17	1.3e-36	127.1
contig_948_43	UPF0054	PF02130.17	7.1e-35	121.5
contig_2216_8	UPF0054	PF02130.17	6.1e-34	118.5
contig_1397_12	UPF0054	PF02130.17	9.9e-32	111.3
contig_3338_77	UPF0054	PF02130.17	1.6e-31	110.7
contig_1644_427	UPF0054	PF02130.17	3.8e-17	64.2
contig_3297_117	YajC	PF02699.15	8e-32	110.8
contig_1931_12	YajC	PF02699.15	8.9e-31	107.5
contig_763_126	YajC	PF02699.15	1.5e-30	106.7
contig_1501_4	YajC	PF02699.15	2.2e-30	106.2
contig_241_54	YajC	PF02699.15	1.4e-29	103.7
contig_3063_21	YajC	PF02699.15	1.7e-29	103.4
contig_422_441	YajC	PF02699.15	8.9e-29	101.1
contig_1_448	YajC	PF02699.15	1.3e-28	100.6
contig_3516_61	YajC	PF02699.15	6e-28	98.4
contig_2058_624	YajC	PF02699.15	9.9e-28	97.7
contig_857_5	YajC	PF02699.15	1.1e-27	97.6
contig_1262_25	YajC	PF02699.15	4.6e-27	95.6
contig_544_172	YajC	PF02699.15	6.3e-26	91.9
contig_2015_1	YajC	PF02699.15	8.8e-24	85.1
contig_984_18	YajC	PF02699.15	2.2e-17	64.6
